sample_id,sample_ts,cam_id,people_count,unknown_count,lying_count,fall_count,extra
1,2026-03-22 03:12:21.336274-07,CAM_01,0,0,0,0,"{""fps"": 0.0}"
2,2026-03-22 03:12:31.581002-07,CAM_01,0,0,0,0,"{""fps"": 0.4849050540554801}"
3,2026-03-22 03:12:41.499919-07,CAM_01,0,0,0,0,"{""fps"": 5.944839179235108}"
4,2026-03-22 03:12:51.593427-07,CAM_01,0,0,0,0,"{""fps"": 6.5183138065987425}"
5,2026-03-22 03:13:01.665345-07,CAM_01,0,0,0,0,"{""fps"": 6.465004900478774}"
6,2026-03-22 03:13:11.806758-07,CAM_01,0,0,0,0,"{""fps"": 6.681197449231882}"
7,2026-03-22 03:37:05.740443-07,CAM_01,0,0,0,0,"{""fps"": 0.0}"
8,2026-03-22 03:45:46.249476-07,CAM_01,0,0,0,0,"{""fps"": 0.0}"
9,2026-03-22 03:53:46.772312-07,CAM_01,0,0,0,0,"{""fps"": 0.0}"
10,2026-03-22 03:54:16.573068-07,CAM_01,0,0,0,0,"{""fps"": 0.0}"
11,2026-03-22 03:54:28.389321-07,CAM_01,0,0,0,0,"{""fps"": 3.652150478765795}"
12,2026-03-22 03:54:49.7345-07,CAM_01,0,0,0,0,"{""fps"": 0.08710812957344242}"
13,2026-03-22 03:54:59.80924-07,CAM_01,0,0,0,0,"{""fps"": 6.553676069454378}"
14,2026-03-22 03:55:16.871795-07,CAM_01,0,0,0,0,"{""fps"": 4.497130901198741}"
15,2026-03-22 03:55:21.232549-07,CAM_01,0,0,0,0,"{""fps"": 1.3465310997968392}"
16,2026-03-22 03:55:32.86987-07,CAM_01,0,0,0,0,"{""fps"": 3.1319515239808595}"
17,2026-03-22 03:55:42.389732-07,CAM_01,0,0,0,0,"{""fps"": 3.7060168265179243}"
18,2026-03-22 03:55:53.388217-07,CAM_01,0,0,0,0,"{""fps"": 1.7065897604101703}"
19,2026-03-22 03:56:04.143869-07,CAM_01,0,0,0,0,"{""fps"": 4.871593906233376}"
20,2026-03-22 03:56:16.659199-07,CAM_01,0,0,0,0,"{""fps"": 1.3028882167831461}"
21,2026-03-22 03:56:24.776945-07,CAM_01,0,0,0,0,"{""fps"": 1.3049149634493178}"
22,2026-03-22 03:56:38.20464-07,CAM_01,0,0,0,0,"{""fps"": 0.33256754778785663}"
23,2026-03-22 03:57:29.316331-07,CAM_01,0,0,0,0,"{""fps"": 0.4184147818001365}"
24,2026-03-22 03:57:42.973728-07,CAM_01,0,0,0,0,"{""fps"": 0.4184147818001365}"
25,2026-03-22 04:02:09.110183-07,CAM_01,0,0,0,0,"{""fps"": 0.6601893885317014}"
26,2026-03-22 04:02:20.35331-07,CAM_01,1,0,0,0,"{""fps"": 0.6601893885317014}"
27,2026-03-22 04:02:37.22819-07,CAM_01,1,0,0,0,"{""fps"": 0.3546538196699126}"
28,2026-03-22 04:02:47.138644-07,CAM_01,1,0,0,0,"{""fps"": 31.008151155628806}"
29,2026-03-22 04:02:57.196547-07,CAM_01,1,0,0,0,"{""fps"": 29.188020835145565}"
30,2026-03-22 04:03:07.143713-07,CAM_01,1,0,0,0,"{""fps"": 29.40232916304772}"
31,2026-03-22 04:03:17.178532-07,CAM_01,1,0,0,0,"{""fps"": 30.39074380567078}"
32,2026-03-22 04:03:27.590995-07,CAM_01,1,0,0,0,"{""fps"": 1.7510748248425858}"
33,2026-03-22 04:03:38.000645-07,CAM_01,1,0,0,0,"{""fps"": 21.65717635936647}"
34,2026-03-22 04:03:47.369645-07,CAM_01,1,0,0,0,"{""fps"": 30.594114852734553}"
35,2026-03-22 04:03:57.877163-07,CAM_01,1,0,0,0,"{""fps"": 30.550659610892307}"
36,2026-03-22 04:04:07.555134-07,CAM_01,1,0,0,0,"{""fps"": 30.981629535518923}"
37,2026-03-22 04:39:28.739952-07,CAM_01,0,0,0,0,"{""fps"": 0.0}"
38,2026-03-22 04:39:42.297885-07,CAM_01,1,0,0,0,"{""fps"": 3.9971153097051437}"
39,2026-03-22 04:39:52.211982-07,CAM_01,1,0,0,0,"{""fps"": 29.800393046794735}"
40,2026-03-22 04:40:02.23912-07,CAM_01,1,0,0,0,"{""fps"": 30.266942185889814}"
41,2026-03-22 04:40:12.267729-07,CAM_01,1,0,0,0,"{""fps"": 29.84398858696039}"
42,2026-03-22 04:40:22.334084-07,CAM_01,1,0,0,0,"{""fps"": 29.92542408769792}"
43,2026-03-22 04:40:32.350752-07,CAM_01,1,0,0,0,"{""fps"": 29.55282001301908}"
44,2026-03-22 04:40:42.362871-07,CAM_01,1,0,0,0,"{""fps"": 29.96467939021463}"
45,2026-03-22 04:40:52.382686-07,CAM_01,1,0,0,0,"{""fps"": 29.52090771971388}"
46,2026-03-22 04:41:02.388838-07,CAM_01,1,0,0,0,"{""fps"": 29.836480337733395}"
47,2026-03-22 04:41:12.411298-07,CAM_01,1,0,0,0,"{""fps"": 30.242907745743903}"
48,2026-03-22 04:41:22.420916-07,CAM_01,1,0,0,0,"{""fps"": 28.927906178644808}"
49,2026-03-22 04:41:32.427171-07,CAM_01,1,0,0,0,"{""fps"": 30.304294463657012}"
50,2026-03-22 04:41:42.457484-07,CAM_01,1,0,0,0,"{""fps"": 29.437470681033187}"
51,2026-03-22 04:41:52.460128-07,CAM_01,1,0,0,0,"{""fps"": 29.81707971616349}"
52,2026-03-22 04:42:02.51159-07,CAM_01,1,0,0,0,"{""fps"": 29.03142166364153}"
53,2026-03-22 04:42:12.514491-07,CAM_01,1,0,0,0,"{""fps"": 29.916434063556522}"
54,2026-03-22 04:42:22.520659-07,CAM_01,1,0,0,0,"{""fps"": 29.422156549719578}"
55,2026-03-22 04:42:32.573042-07,CAM_01,2,0,0,0,"{""fps"": 24.834260790811445}"
56,2026-03-22 04:42:42.610653-07,CAM_01,1,0,0,0,"{""fps"": 28.758940205383144}"
57,2026-03-22 04:42:52.639759-07,CAM_01,1,0,0,0,"{""fps"": 29.85487199186275}"
58,2026-03-22 04:43:02.659587-07,CAM_01,1,0,0,0,"{""fps"": 30.180599274078446}"
59,2026-03-22 04:43:12.672023-07,CAM_01,1,0,0,0,"{""fps"": 29.994979744963416}"
60,2026-03-22 04:43:22.73421-07,CAM_01,1,0,0,0,"{""fps"": 30.23222630464595}"
61,2026-03-22 04:43:32.73771-07,CAM_01,1,0,0,0,"{""fps"": 30.39853814048702}"
62,2026-03-22 04:43:42.765397-07,CAM_01,1,0,0,0,"{""fps"": 29.96863310353172}"
63,2026-03-22 04:43:52.770144-07,CAM_01,1,0,0,0,"{""fps"": 29.943211185505305}"
64,2026-03-22 04:44:02.794464-07,CAM_01,1,0,0,0,"{""fps"": 28.988533978969787}"
65,2026-03-22 04:44:12.826722-07,CAM_01,1,0,0,0,"{""fps"": 30.411122665255846}"
66,2026-03-22 04:44:22.826732-07,CAM_01,1,0,0,0,"{""fps"": 24.96523334313458}"
67,2026-03-22 04:44:32.864074-07,CAM_01,1,0,0,0,"{""fps"": 30.49741803770866}"
68,2026-03-22 04:44:42.915214-07,CAM_01,2,0,0,0,"{""fps"": 27.910816962972223}"
69,2026-03-22 04:44:52.917929-07,CAM_01,1,0,0,0,"{""fps"": 29.987452511988035}"
70,2026-03-22 04:45:02.92254-07,CAM_01,2,0,0,0,"{""fps"": 21.72058395672581}"
71,2026-03-22 04:45:12.947946-07,CAM_01,1,0,0,0,"{""fps"": 28.769306638202035}"
72,2026-03-22 04:45:22.954905-07,CAM_01,1,0,0,0,"{""fps"": 29.79060723971509}"
73,2026-03-22 04:45:32.975316-07,CAM_01,1,0,0,0,"{""fps"": 30.229759184296935}"
74,2026-03-22 04:45:42.980221-07,CAM_01,1,0,0,0,"{""fps"": 29.93765225590341}"
75,2026-03-22 04:45:53.01097-07,CAM_01,1,0,0,0,"{""fps"": 29.988360154549692}"
76,2026-03-22 04:46:03.04712-07,CAM_01,2,0,0,0,"{""fps"": 30.305678867088787}"
77,2026-03-22 04:46:13.074578-07,CAM_01,1,0,0,0,"{""fps"": 30.246249442871406}"
78,2026-03-22 04:46:23.08945-07,CAM_01,1,0,0,0,"{""fps"": 30.37208775391455}"
79,2026-03-22 04:46:33.095296-07,CAM_01,1,0,0,0,"{""fps"": 29.80977567530879}"
80,2026-03-22 04:46:43.108323-07,CAM_01,1,0,0,0,"{""fps"": 27.638309001465593}"
81,2026-03-22 04:46:53.138057-07,CAM_01,1,0,0,0,"{""fps"": 29.89837854277948}"
82,2026-03-22 04:47:03.162929-07,CAM_01,2,0,0,0,"{""fps"": 29.97258072084763}"
83,2026-03-22 04:47:13.171633-07,CAM_01,1,0,0,0,"{""fps"": 30.37335773976964}"
84,2026-03-22 04:47:23.194557-07,CAM_01,1,0,0,0,"{""fps"": 29.956611058192607}"
85,2026-03-22 04:47:33.193236-07,CAM_01,1,0,0,0,"{""fps"": 29.28114893302126}"
86,2026-03-22 04:47:43.215651-07,CAM_01,1,0,0,0,"{""fps"": 29.99131654076043}"
87,2026-03-22 04:47:53.224733-07,CAM_01,1,0,0,0,"{""fps"": 28.99843057543263}"
88,2026-03-22 04:48:03.226519-07,CAM_01,1,0,0,0,"{""fps"": 27.8966820100916}"
89,2026-03-22 04:48:13.253415-07,CAM_01,0,0,0,0,"{""fps"": 30.203713830019034}"
90,2026-03-22 04:48:23.2701-07,CAM_01,1,0,0,0,"{""fps"": 29.266132012739217}"
91,2026-03-22 04:48:33.28105-07,CAM_01,1,0,0,0,"{""fps"": 30.5002152223546}"
92,2026-03-22 04:48:43.299233-07,CAM_01,1,0,0,0,"{""fps"": 29.99182155036242}"
93,2026-03-22 04:48:53.311267-07,CAM_01,1,0,0,0,"{""fps"": 29.990604483058277}"
94,2026-03-22 04:49:03.343885-07,CAM_01,1,0,0,0,"{""fps"": 28.09866368573433}"
95,2026-03-22 04:49:13.34537-07,CAM_01,1,0,0,0,"{""fps"": 30.051136433235285}"
96,2026-03-22 04:49:23.346097-07,CAM_01,1,0,0,0,"{""fps"": 27.919575616693287}"
97,2026-03-22 04:49:33.373094-07,CAM_01,1,0,0,0,"{""fps"": 30.041374307006812}"
98,2026-03-22 04:49:43.402155-07,CAM_01,0,0,0,0,"{""fps"": 30.05986244773127}"
99,2026-03-22 04:49:53.433017-07,CAM_01,1,0,0,0,"{""fps"": 29.077524508552198}"
100,2026-03-22 04:50:03.466264-07,CAM_01,1,0,0,0,"{""fps"": 28.89950673443752}"
101,2026-03-22 04:50:13.466631-07,CAM_01,1,0,0,0,"{""fps"": 29.99396630115991}"
102,2026-03-22 04:50:23.495987-07,CAM_01,1,0,0,0,"{""fps"": 29.981557746175497}"
103,2026-03-22 04:50:33.498643-07,CAM_01,1,0,0,0,"{""fps"": 28.726576238490814}"
104,2026-03-22 04:50:43.529536-07,CAM_01,1,0,0,0,"{""fps"": 29.448458175321747}"
105,2026-03-22 04:50:53.560893-07,CAM_01,1,0,0,0,"{""fps"": 29.991305011059417}"
106,2026-03-22 04:51:03.624521-07,CAM_01,1,0,0,0,"{""fps"": 29.964637496661272}"
107,2026-03-22 04:51:13.659192-07,CAM_01,1,0,0,0,"{""fps"": 30.146584311761544}"
108,2026-03-22 04:51:23.680682-07,CAM_01,1,0,0,0,"{""fps"": 29.97975762519966}"
109,2026-03-22 04:51:33.684472-07,CAM_01,1,0,0,0,"{""fps"": 30.475937604961903}"
110,2026-03-22 04:51:43.682411-07,CAM_01,1,0,0,0,"{""fps"": 29.968540314911234}"
111,2026-03-22 04:51:53.741392-07,CAM_01,1,0,0,0,"{""fps"": 28.112015579213324}"
112,2026-03-22 09:40:13.169002-07,CAM_01,0,0,0,0,"{""fps"": 0.5338697610030424}"
113,2026-03-22 09:40:29.469959-07,CAM_01,1,0,0,0,"{""fps"": 0.5338697610030424}"
114,2026-03-22 09:40:39.443822-07,CAM_01,1,0,0,0,"{""fps"": 30.10076708402736}"
115,2026-03-22 09:40:49.457048-07,CAM_01,1,0,0,0,"{""fps"": 30.492640402693}"
116,2026-03-22 09:40:59.46637-07,CAM_01,1,0,0,0,"{""fps"": 29.997689901867318}"
117,2026-03-22 09:41:09.486266-07,CAM_01,2,0,0,0,"{""fps"": 29.762562488690833}"
118,2026-03-22 09:41:19.498511-07,CAM_01,1,0,0,0,"{""fps"": 29.967498266788574}"
119,2026-03-22 09:41:29.536451-07,CAM_01,1,0,0,0,"{""fps"": 27.890222624467057}"
120,2026-03-22 09:41:39.585674-07,CAM_01,1,0,0,0,"{""fps"": 28.27823585016639}"
121,2026-03-22 09:41:49.61686-07,CAM_01,2,0,0,0,"{""fps"": 28.968028355392747}"
122,2026-03-22 09:43:07.652063-07,CAM_01,0,0,0,0,"{""fps"": 0.49288314921278964}"
151,2026-03-22 09:50:52.989554-07,CAM_01,0,0,0,0,"{""fps"": 0.4561286402685853}"
152,2026-03-22 09:51:14.321057-07,CAM_01,1,0,0,0,"{""fps"": 0.4561286402685853}"
153,2026-03-22 09:51:34.160487-07,CAM_01,1,0,0,0,"{""fps"": 0.1866076639449349}"
154,2026-03-22 09:51:43.908518-07,CAM_01,0,0,0,0,"{""fps"": 25.754283626583813}"
155,2026-03-22 09:51:53.921869-07,CAM_01,1,0,0,0,"{""fps"": 26.974172526153318}"
156,2026-03-22 09:52:03.929447-07,CAM_01,1,0,0,0,"{""fps"": 26.35754263668539}"
157,2026-03-22 09:52:13.944861-07,CAM_01,1,0,0,0,"{""fps"": 27.154032566662234}"
158,2026-03-22 09:52:23.988845-07,CAM_01,1,0,0,0,"{""fps"": 28.78623957211658}"
159,2026-03-22 09:52:34.00275-07,CAM_01,1,0,0,0,"{""fps"": 27.013399682713548}"
160,2026-03-22 09:52:44.049699-07,CAM_01,1,0,0,0,"{""fps"": 27.077482672008358}"
161,2026-03-22 09:52:54.094331-07,CAM_01,1,0,1,0,"{""fps"": 26.634336690203693}"
162,2026-03-22 09:53:04.109805-07,CAM_01,1,0,0,0,"{""fps"": 26.55554990257656}"
163,2026-03-22 09:53:14.127406-07,CAM_01,1,0,0,0,"{""fps"": 28.50107035874826}"
164,2026-03-22 09:53:24.124521-07,CAM_01,1,0,0,0,"{""fps"": 25.90131782084059}"
165,2026-03-22 09:53:34.142754-07,CAM_01,1,0,0,0,"{""fps"": 26.741408699572602}"
166,2026-03-22 09:53:44.143657-07,CAM_01,1,0,0,0,"{""fps"": 27.8844878728887}"
167,2026-03-22 09:53:54.154719-07,CAM_01,1,0,1,0,"{""fps"": 28.832216088701955}"
168,2026-03-22 09:54:04.164314-07,CAM_01,1,0,0,0,"{""fps"": 26.9750270771645}"
169,2026-03-22 09:54:14.188961-07,CAM_01,1,0,0,0,"{""fps"": 26.92742192628939}"
170,2026-03-22 09:54:24.21237-07,CAM_01,1,0,0,0,"{""fps"": 26.90239882494939}"
171,2026-03-22 09:54:34.240181-07,CAM_01,1,0,0,0,"{""fps"": 24.42157550948541}"
172,2026-03-22 09:54:44.284392-07,CAM_01,1,0,0,0,"{""fps"": 26.497227232621157}"
173,2026-03-22 09:54:54.255092-07,CAM_01,1,0,0,0,"{""fps"": 28.7964484444899}"
199,2026-03-22 19:48:14.657219-07,CAM_01,0,0,0,0,"{""fps"": 0.44230793769203913}"
200,2026-03-22 19:48:35.08683-07,CAM_01,1,0,0,0,"{""fps"": 0.44230793769203913}"
201,2026-03-22 19:48:44.689888-07,CAM_01,1,0,0,0,"{""fps"": 28.981944603622136}"
202,2026-03-22 19:48:54.697137-07,CAM_01,1,0,0,0,"{""fps"": 29.89173050645493}"
203,2026-03-22 19:49:04.707542-07,CAM_01,0,0,0,0,"{""fps"": 29.922708838568436}"
204,2026-03-22 19:49:14.712041-07,CAM_01,0,0,0,0,"{""fps"": 30.107472185128522}"
205,2026-03-22 19:49:24.717477-07,CAM_01,1,0,0,0,"{""fps"": 29.97408008850074}"
206,2026-03-22 19:49:34.716805-07,CAM_01,0,0,0,0,"{""fps"": 30.371846539553022}"
207,2026-03-22 19:49:44.729903-07,CAM_01,0,0,0,0,"{""fps"": 30.039819617966952}"
208,2026-03-22 19:49:54.744517-07,CAM_01,0,0,0,0,"{""fps"": 30.064199549626935}"
209,2026-03-22 19:50:04.773049-07,CAM_01,0,0,0,0,"{""fps"": 29.921171915610433}"
210,2026-03-22 19:50:14.805656-07,CAM_01,0,0,0,0,"{""fps"": 29.998469430814218}"
211,2026-03-22 19:50:24.87579-07,CAM_01,0,0,0,0,"{""fps"": 29.971324223492413}"
212,2026-03-22 19:50:34.90497-07,CAM_01,0,0,0,0,"{""fps"": 29.93251296189633}"
213,2026-03-22 19:50:44.904272-07,CAM_01,1,0,0,0,"{""fps"": 30.293266134781682}"
214,2026-03-22 19:50:54.928736-07,CAM_01,1,0,0,0,"{""fps"": 30.422543067635615}"
215,2026-03-22 19:51:04.94597-07,CAM_01,1,0,0,0,"{""fps"": 29.92520667515382}"
216,2026-03-22 19:51:14.960259-07,CAM_01,1,0,0,0,"{""fps"": 30.0738373987764}"
217,2026-03-22 19:51:24.961364-07,CAM_01,1,0,0,0,"{""fps"": 29.995036946382335}"
218,2026-03-22 19:51:34.99001-07,CAM_01,1,0,0,0,"{""fps"": 30.040576120658187}"
219,2026-03-22 19:51:45.022-07,CAM_01,1,0,0,0,"{""fps"": 29.963539559034594}"
220,2026-03-22 19:51:55.052636-07,CAM_01,1,0,0,0,"{""fps"": 30.13471359449552}"
221,2026-03-22 19:52:05.117862-07,CAM_01,1,0,0,0,"{""fps"": 30.544982657099197}"
222,2026-03-22 19:52:15.131214-07,CAM_01,1,0,0,0,"{""fps"": 30.464841120501184}"
223,2026-03-22 19:52:25.153516-07,CAM_01,1,0,0,0,"{""fps"": 29.97817912557831}"
224,2026-03-22 19:52:35.179916-07,CAM_01,1,0,0,0,"{""fps"": 29.981729197542926}"
225,2026-03-22 19:52:45.215432-07,CAM_01,1,0,0,0,"{""fps"": 30.13977095582653}"
226,2026-03-22 19:52:55.24297-07,CAM_01,1,0,0,0,"{""fps"": 30.04815018780177}"
227,2026-03-22 19:53:05.310393-07,CAM_01,1,0,0,0,"{""fps"": 29.953238057422638}"
228,2026-03-22 19:53:15.340555-07,CAM_01,1,0,0,0,"{""fps"": 29.491964947840835}"
229,2026-03-22 19:53:25.370774-07,CAM_01,1,0,0,0,"{""fps"": 29.462758191720418}"
230,2026-03-22 19:53:35.369036-07,CAM_01,1,0,0,0,"{""fps"": 30.02478769371736}"
231,2026-03-22 19:53:45.399905-07,CAM_01,1,0,0,0,"{""fps"": 29.988931926102254}"
232,2026-03-22 19:53:55.4295-07,CAM_01,1,0,0,0,"{""fps"": 30.06581933327876}"
233,2026-03-22 19:54:05.492368-07,CAM_01,1,0,0,0,"{""fps"": 29.667499113481867}"
234,2026-03-22 19:54:15.493106-07,CAM_01,1,0,0,0,"{""fps"": 29.993556929875894}"
235,2026-03-22 19:54:25.494048-07,CAM_01,1,0,0,0,"{""fps"": 29.429794970131876}"
236,2026-03-22 19:54:35.496933-07,CAM_01,1,0,0,0,"{""fps"": 30.46773228280772}"
237,2026-03-22 19:54:45.503723-07,CAM_01,1,0,0,0,"{""fps"": 29.5980476092159}"
238,2026-03-22 19:54:55.521612-07,CAM_01,1,0,0,0,"{""fps"": 29.929363544053416}"
239,2026-03-22 19:55:05.525278-07,CAM_01,1,0,0,0,"{""fps"": 29.52314719996149}"
240,2026-03-22 19:55:15.53823-07,CAM_01,1,0,0,0,"{""fps"": 30.04992102916767}"
241,2026-03-22 19:55:25.550637-07,CAM_01,1,0,0,0,"{""fps"": 29.99602370520113}"
242,2026-03-22 19:55:35.606994-07,CAM_01,1,0,0,0,"{""fps"": 29.026901110379583}"
243,2026-03-22 19:55:45.640919-07,CAM_01,1,0,0,0,"{""fps"": 30.10288562894783}"
244,2026-03-22 19:55:55.673957-07,CAM_01,1,0,0,0,"{""fps"": 31.07088921843654}"
245,2026-03-22 19:56:05.690423-07,CAM_01,1,0,0,0,"{""fps"": 29.801423505750012}"
246,2026-03-22 19:56:15.735206-07,CAM_01,1,0,0,0,"{""fps"": 29.95028641366674}"
247,2026-03-22 19:56:25.737797-07,CAM_01,1,0,0,0,"{""fps"": 30.45634214018918}"
248,2026-03-22 19:56:35.767722-07,CAM_01,1,0,0,0,"{""fps"": 29.991183488549858}"
249,2026-03-22 19:56:45.799353-07,CAM_01,1,0,0,0,"{""fps"": 29.995144199630843}"
250,2026-03-24 00:07:30.407211-07,CAM_01,0,0,0,0,"{""fps"": 0.7568654759200149}"
251,2026-03-24 00:07:41.89736-07,CAM_01,0,0,0,0,"{""fps"": 0.7568654759200149}"
252,2026-03-24 00:08:02.08693-07,CAM_01,0,0,0,0,"{""fps"": 0.33937132902833356}"
253,2026-03-24 00:08:11.864148-07,CAM_01,0,0,0,0,"{""fps"": 5.204130908609644}"
254,2026-03-24 00:08:22.005189-07,CAM_01,0,0,0,0,"{""fps"": 5.767115615366494}"
255,2026-03-24 00:08:35.509743-07,CAM_01,0,0,0,0,"{""fps"": 3.2087518982209318}"
256,2026-03-24 00:08:46.235153-07,CAM_01,0,0,0,0,"{""fps"": 0.354268875486472}"
257,2026-03-24 00:08:56.902723-07,CAM_01,0,0,0,0,"{""fps"": 0.9508122916565128}"
258,2026-03-24 00:09:07.437469-07,CAM_01,0,0,0,0,"{""fps"": 0.6710173511166174}"
259,2026-03-24 00:09:21.387319-07,CAM_01,0,0,0,0,"{""fps"": 4.3227501994257365}"
260,2026-03-24 00:09:33.88768-07,CAM_01,0,0,0,0,"{""fps"": 2.081727182227388}"
261,2026-03-24 00:09:44.085725-07,CAM_01,0,0,0,0,"{""fps"": 0.18127316410962463}"
262,2026-03-24 00:09:55.723099-07,CAM_01,0,0,0,0,"{""fps"": 5.61413828643326}"
263,2026-03-24 00:10:07.654257-07,CAM_01,0,0,0,0,"{""fps"": 4.687676305994337}"
264,2026-03-24 00:10:21.411362-07,CAM_01,0,0,0,0,"{""fps"": 1.536682850310772}"
265,2026-03-24 00:10:28.83991-07,CAM_01,0,0,0,0,"{""fps"": 4.326213717208666}"
266,2026-03-24 00:10:38.812158-07,CAM_01,0,0,0,0,"{""fps"": 6.525000688944617}"
267,2026-03-24 00:14:02.270703-07,CAM_01,0,0,0,0,"{""fps"": 0.7292118406796304}"
268,2026-03-24 00:14:15.411487-07,CAM_01,0,0,0,0,"{""fps"": 0.7292118406796304}"
269,2026-03-24 00:14:25.410847-07,CAM_01,1,0,0,0,"{""fps"": 30.889779938089028}"
270,2026-03-24 00:14:35.441541-07,CAM_01,1,0,0,0,"{""fps"": 30.000277798671643}"
271,2026-03-24 00:14:45.502233-07,CAM_01,1,0,0,0,"{""fps"": 30.004306919223573}"
272,2026-03-24 00:14:55.524278-07,CAM_01,1,0,0,0,"{""fps"": 28.323202847157393}"
273,2026-03-24 00:15:05.541611-07,CAM_01,1,0,0,0,"{""fps"": 26.484673730718974}"
274,2026-03-24 00:15:15.56861-07,CAM_01,2,0,0,0,"{""fps"": 29.97822197857649}"
275,2026-03-24 00:15:25.573931-07,CAM_01,2,0,0,0,"{""fps"": 29.27729959172505}"
276,2026-03-24 00:15:35.59899-07,CAM_01,2,0,0,0,"{""fps"": 29.96700581720737}"
277,2026-03-24 00:15:45.632773-07,CAM_01,2,0,0,0,"{""fps"": 27.473075396749213}"
278,2026-03-24 00:15:55.66333-07,CAM_01,2,0,0,0,"{""fps"": 28.077408679899282}"
279,2026-03-24 00:16:05.693078-07,CAM_01,2,0,0,0,"{""fps"": 30.674554426201354}"
280,2026-03-24 00:16:15.707239-07,CAM_01,2,0,0,0,"{""fps"": 29.823122028451024}"
281,2026-03-24 00:16:25.724695-07,CAM_01,2,0,0,0,"{""fps"": 30.110972291085446}"
282,2026-03-24 00:16:35.747129-07,CAM_01,2,0,0,0,"{""fps"": 29.078519021108015}"
283,2026-03-24 00:16:45.758042-07,CAM_01,2,0,0,0,"{""fps"": 29.98334379409784}"
284,2026-03-24 00:16:55.78308-07,CAM_01,2,0,0,0,"{""fps"": 29.688281481701694}"
285,2026-03-24 00:17:05.806223-07,CAM_01,2,0,0,0,"{""fps"": 29.58770228937977}"
286,2026-03-24 00:17:15.808703-07,CAM_01,2,0,0,0,"{""fps"": 27.83800993230388}"
287,2026-03-24 00:17:25.82251-07,CAM_01,2,0,0,0,"{""fps"": 26.739048605780503}"
288,2026-03-24 00:17:35.849859-07,CAM_01,1,0,0,0,"{""fps"": 30.12331281919167}"
289,2026-03-24 00:17:45.868356-07,CAM_01,1,0,0,0,"{""fps"": 28.787288748527914}"
290,2026-03-24 00:17:55.897218-07,CAM_01,1,0,0,0,"{""fps"": 29.10449449351511}"
291,2026-03-24 00:18:05.920835-07,CAM_01,1,0,0,0,"{""fps"": 29.89548742007243}"
292,2026-03-24 00:18:15.936412-07,CAM_01,2,0,0,0,"{""fps"": 27.614459247805538}"
293,2026-03-24 00:18:25.941636-07,CAM_01,2,0,0,0,"{""fps"": 29.44679974725609}"
294,2026-03-24 00:18:36.008249-07,CAM_01,1,0,0,0,"{""fps"": 29.64363079180357}"
295,2026-03-24 00:18:46.06465-07,CAM_01,1,0,0,0,"{""fps"": 21.631603463412517}"
296,2026-03-24 00:18:56.042132-07,CAM_01,1,0,0,0,"{""fps"": 28.307637761388545}"
297,2026-03-24 00:19:06.108789-07,CAM_01,1,0,0,0,"{""fps"": 24.452721984190486}"
298,2026-03-24 00:19:16.096995-07,CAM_01,1,0,0,0,"{""fps"": 30.043040223849644}"
299,2026-03-24 00:19:26.125364-07,CAM_01,1,0,0,0,"{""fps"": 28.625111471053923}"
300,2026-03-24 00:19:36.154093-07,CAM_01,1,0,0,0,"{""fps"": 24.821186785717668}"
301,2026-03-24 00:19:46.160632-07,CAM_01,1,0,0,0,"{""fps"": 27.826274200389054}"
302,2026-03-24 00:19:56.185248-07,CAM_01,1,0,0,0,"{""fps"": 30.23315421478879}"
303,2026-03-24 00:20:06.191586-07,CAM_01,1,0,0,0,"{""fps"": 29.468594290785855}"
304,2026-03-24 00:20:16.197868-07,CAM_01,1,0,0,0,"{""fps"": 28.548752757827536}"
305,2026-03-24 00:20:26.249563-07,CAM_01,1,0,0,0,"{""fps"": 29.521136277256154}"
306,2026-03-24 00:20:36.28231-07,CAM_01,1,0,0,0,"{""fps"": 29.85443990325414}"
307,2026-03-24 00:20:46.282937-07,CAM_01,1,0,0,0,"{""fps"": 25.676891135178792}"
308,2026-03-24 00:20:56.315031-07,CAM_01,1,0,0,0,"{""fps"": 29.981088569394178}"
309,2026-03-24 00:21:06.336167-07,CAM_01,1,0,0,0,"{""fps"": 27.80113751229196}"
310,2026-03-24 00:21:16.379737-07,CAM_01,1,0,0,0,"{""fps"": 24.871895893339204}"
311,2026-03-24 00:21:26.438957-07,CAM_01,1,0,0,0,"{""fps"": 29.202393625861653}"
312,2026-03-24 00:21:36.458339-07,CAM_01,1,0,0,0,"{""fps"": 28.963877191165214}"
313,2026-03-24 00:21:46.507755-07,CAM_01,1,0,0,0,"{""fps"": 24.809811149149276}"
314,2026-03-24 00:21:56.520502-07,CAM_01,1,0,0,0,"{""fps"": 28.780361511322045}"
315,2026-03-24 00:22:06.532403-07,CAM_01,2,0,0,0,"{""fps"": 24.28438625980858}"
316,2026-03-24 00:22:16.557934-07,CAM_01,2,0,0,0,"{""fps"": 28.07615138131596}"
317,2026-03-24 00:22:26.591918-07,CAM_01,1,0,0,0,"{""fps"": 28.657211080286725}"
318,2026-03-24 00:22:36.649618-07,CAM_01,1,0,0,0,"{""fps"": 30.129811530270022}"
319,2026-03-24 00:22:46.680631-07,CAM_01,1,0,0,0,"{""fps"": 30.49119596350533}"
320,2026-03-24 00:22:56.682889-07,CAM_01,1,0,0,0,"{""fps"": 27.386652656253535}"
321,2026-03-24 00:23:06.685634-07,CAM_01,1,0,0,0,"{""fps"": 27.658306668291733}"
322,2026-03-24 00:23:16.75894-07,CAM_01,1,0,0,0,"{""fps"": 28.15768698957098}"
323,2026-03-24 00:23:26.783132-07,CAM_01,1,0,0,0,"{""fps"": 27.970842304551617}"
324,2026-03-24 00:23:36.839779-07,CAM_01,1,0,0,0,"{""fps"": 28.96625682572115}"
325,2026-03-24 00:23:46.874194-07,CAM_01,1,0,0,0,"{""fps"": 29.632851977652862}"
326,2026-03-24 00:23:56.94812-07,CAM_01,0,0,0,0,"{""fps"": 30.59301259122722}"
327,2026-03-24 00:24:06.946612-07,CAM_01,1,0,0,0,"{""fps"": 26.927441134523775}"
328,2026-03-24 00:24:16.96239-07,CAM_01,2,0,0,0,"{""fps"": 28.56404510794048}"
329,2026-03-24 00:24:27.032492-07,CAM_01,1,0,0,0,"{""fps"": 29.849546133326374}"
330,2026-03-24 00:24:37.03677-07,CAM_01,1,0,0,0,"{""fps"": 29.71930963235471}"
331,2026-03-24 00:24:47.059321-07,CAM_01,1,0,0,0,"{""fps"": 29.98678605099972}"
332,2026-03-24 00:24:57.090645-07,CAM_01,1,0,0,0,"{""fps"": 30.02518289547184}"
333,2026-03-24 00:25:07.09951-07,CAM_01,1,0,0,0,"{""fps"": 26.425419955110282}"
334,2026-03-24 00:25:17.116282-07,CAM_01,2,0,0,0,"{""fps"": 23.120455558661355}"
335,2026-03-24 00:25:27.143254-07,CAM_01,2,0,0,0,"{""fps"": 29.376923766548128}"
336,2026-03-24 00:25:37.199482-07,CAM_01,2,0,0,0,"{""fps"": 29.089530400656006}"
337,2026-03-24 00:25:47.200701-07,CAM_01,1,0,0,0,"{""fps"": 29.955541313963074}"
338,2026-03-24 00:25:57.205221-07,CAM_01,1,0,0,0,"{""fps"": 29.310163940536032}"
339,2026-03-24 00:26:07.23204-07,CAM_01,1,0,0,0,"{""fps"": 29.833176773062846}"
340,2026-03-24 00:26:17.28284-07,CAM_01,1,0,0,0,"{""fps"": 29.98241594445121}"
341,2026-03-24 00:26:27.289293-07,CAM_01,1,0,0,0,"{""fps"": 30.061725024073947}"
342,2026-03-24 00:26:37.312568-07,CAM_01,1,0,0,0,"{""fps"": 28.070585623435186}"
343,2026-03-24 00:26:47.319695-07,CAM_01,1,0,0,0,"{""fps"": 29.61950800624455}"
344,2026-03-24 00:26:57.334668-07,CAM_01,1,0,0,0,"{""fps"": 28.636053536917576}"
345,2026-03-24 00:27:07.339858-07,CAM_01,1,0,0,0,"{""fps"": 28.11117096891762}"
346,2026-03-24 00:27:17.371805-07,CAM_01,1,0,0,0,"{""fps"": 29.95852965755659}"
347,2026-03-24 00:27:27.379562-07,CAM_01,1,0,0,0,"{""fps"": 29.84673524292419}"
348,2026-03-24 00:27:37.430103-07,CAM_01,1,0,0,0,"{""fps"": 29.65808698226442}"
349,2026-03-24 00:27:47.460872-07,CAM_01,1,0,0,0,"{""fps"": 29.986516339822554}"
350,2026-03-24 00:27:57.466085-07,CAM_01,1,0,0,0,"{""fps"": 29.84135566980237}"
351,2026-03-24 00:28:07.488874-07,CAM_01,1,0,0,0,"{""fps"": 28.625796368341494}"
352,2026-03-24 00:28:17.509501-07,CAM_01,1,0,0,0,"{""fps"": 27.960162655822945}"
353,2026-03-24 00:28:27.526961-07,CAM_01,1,0,0,0,"{""fps"": 27.719099031636077}"
354,2026-03-24 00:28:37.559824-07,CAM_01,1,0,0,0,"{""fps"": 29.961875312675534}"
355,2026-03-24 00:28:47.603296-07,CAM_01,1,0,0,0,"{""fps"": 28.011571731702002}"
356,2026-03-24 00:28:57.609128-07,CAM_01,1,0,0,0,"{""fps"": 28.070047954657696}"
357,2026-03-24 00:29:07.608698-07,CAM_01,1,0,0,0,"{""fps"": 29.700895281837102}"
358,2026-03-24 00:29:17.625945-07,CAM_01,1,0,0,0,"{""fps"": 30.703549942488443}"
359,2026-03-24 00:29:27.623936-07,CAM_01,1,0,0,0,"{""fps"": 27.85368247367324}"
360,2026-03-24 00:29:37.648841-07,CAM_01,1,0,0,0,"{""fps"": 29.183491996342934}"
361,2026-03-24 00:29:47.661197-07,CAM_01,1,0,0,0,"{""fps"": 29.104642596514033}"
362,2026-03-24 00:29:57.684847-07,CAM_01,1,0,0,0,"{""fps"": 27.51820390141009}"
363,2026-03-24 00:30:07.691382-07,CAM_01,1,0,0,0,"{""fps"": 30.33094524057904}"
364,2026-03-24 00:30:17.712549-07,CAM_01,1,0,0,0,"{""fps"": 29.069564140617924}"
365,2026-03-24 00:30:27.726712-07,CAM_01,1,0,0,0,"{""fps"": 28.281056488028515}"
366,2026-03-24 00:30:37.763191-07,CAM_01,1,0,0,0,"{""fps"": 28.514092267789774}"
367,2026-03-24 00:30:47.790661-07,CAM_01,1,0,0,0,"{""fps"": 30.627458647424152}"
368,2026-03-24 00:30:57.847465-07,CAM_01,1,0,0,0,"{""fps"": 24.92396779823817}"
369,2026-03-24 00:31:07.880684-07,CAM_01,1,0,0,0,"{""fps"": 29.811223484101834}"
370,2026-03-24 00:31:17.9102-07,CAM_01,1,0,0,0,"{""fps"": 29.972636224718315}"
371,2026-03-24 00:31:27.918766-07,CAM_01,1,0,0,0,"{""fps"": 20.526495796607737}"
372,2026-03-24 00:31:37.921958-07,CAM_01,1,0,0,0,"{""fps"": 29.592716890520528}"
373,2026-03-24 00:31:47.941064-07,CAM_01,1,0,0,0,"{""fps"": 29.967776615015573}"
374,2026-03-24 00:31:57.951316-07,CAM_01,1,0,0,0,"{""fps"": 27.95062015168096}"
375,2026-03-24 00:32:07.957553-07,CAM_01,1,0,0,0,"{""fps"": 29.809740364656008}"
376,2026-03-24 00:32:18.004749-07,CAM_01,1,0,0,0,"{""fps"": 30.42320507348922}"
377,2026-03-24 00:32:28.011293-07,CAM_01,1,0,0,0,"{""fps"": 26.407615721697084}"
378,2026-03-24 00:32:38.017948-07,CAM_01,1,0,0,0,"{""fps"": 29.673767856738586}"
379,2026-03-24 00:32:48.068969-07,CAM_01,1,0,0,0,"{""fps"": 29.328336083685286}"
380,2026-03-24 00:32:58.058169-07,CAM_01,1,0,0,0,"{""fps"": 30.077413179259853}"
381,2026-03-24 00:33:08.081592-07,CAM_01,1,0,0,0,"{""fps"": 28.841937832114937}"
382,2026-03-24 00:33:18.080666-07,CAM_01,1,0,0,0,"{""fps"": 29.6689191435542}"
383,2026-03-24 00:33:28.121343-07,CAM_01,1,0,0,0,"{""fps"": 29.35889688359068}"
384,2026-03-24 00:33:38.130986-07,CAM_01,1,0,0,0,"{""fps"": 29.920538692356548}"
385,2026-03-24 00:33:48.139759-07,CAM_01,1,0,0,0,"{""fps"": 29.991519464949267}"
386,2026-03-24 00:33:58.14576-07,CAM_01,1,0,0,0,"{""fps"": 29.817037322623168}"
387,2026-03-24 00:34:08.166365-07,CAM_01,1,0,0,0,"{""fps"": 28.536736866652873}"
388,2026-03-24 00:34:18.179927-07,CAM_01,1,0,0,0,"{""fps"": 29.628107542504118}"
389,2026-03-24 00:34:28.254273-07,CAM_01,2,0,0,0,"{""fps"": 30.51561965706153}"
390,2026-03-24 00:34:38.29087-07,CAM_01,1,0,0,0,"{""fps"": 28.916985173588948}"
391,2026-03-24 00:34:48.320631-07,CAM_01,2,0,0,0,"{""fps"": 27.65390683669224}"
392,2026-03-24 00:34:58.334458-07,CAM_01,2,0,0,0,"{""fps"": 29.91328344026799}"
393,2026-03-24 00:35:08.390137-07,CAM_01,2,0,0,0,"{""fps"": 30.07145865398959}"
394,2026-03-24 00:35:18.416958-07,CAM_01,1,0,0,0,"{""fps"": 30.11468942988803}"
395,2026-03-24 00:35:28.427996-07,CAM_01,2,0,0,0,"{""fps"": 27.650549806560008}"
396,2026-03-24 00:35:38.450042-07,CAM_01,2,0,0,0,"{""fps"": 28.50093501297421}"
397,2026-03-24 00:35:48.453651-07,CAM_01,2,0,0,0,"{""fps"": 29.034436148137345}"
398,2026-03-24 00:35:58.474008-07,CAM_01,2,0,0,0,"{""fps"": 28.065831531842715}"
399,2026-03-24 00:36:08.489996-07,CAM_01,2,0,0,0,"{""fps"": 30.4276334233673}"
400,2026-03-24 00:36:18.490323-07,CAM_01,2,0,0,0,"{""fps"": 29.173714769820958}"
401,2026-03-24 00:36:28.491396-07,CAM_01,2,0,0,0,"{""fps"": 30.325427441526784}"
402,2026-03-24 00:36:38.507802-07,CAM_01,2,0,0,0,"{""fps"": 27.96964506522729}"
403,2026-03-24 00:36:48.540413-07,CAM_01,2,0,0,0,"{""fps"": 30.232451247328978}"
404,2026-03-24 00:36:58.572893-07,CAM_01,2,0,0,0,"{""fps"": 27.14736651582037}"
405,2026-03-24 00:37:08.58059-07,CAM_01,2,0,0,0,"{""fps"": 29.950357702553713}"
406,2026-03-24 00:37:18.595707-07,CAM_01,2,0,0,0,"{""fps"": 27.45413176569927}"
407,2026-03-24 00:37:28.60048-07,CAM_01,2,0,0,0,"{""fps"": 29.037605381190755}"
408,2026-03-24 00:37:38.626454-07,CAM_01,1,0,0,0,"{""fps"": 30.11068639533952}"
409,2026-03-24 00:44:03.779127-07,CAM_01,0,0,0,0,"{""fps"": 0.8497059367531552}"
410,2026-03-24 00:44:22.550185-07,CAM_01,1,0,0,0,"{""fps"": 0.8497059367531552}"
411,2026-03-24 00:44:32.471426-07,CAM_01,1,0,0,0,"{""fps"": 26.473936501101424}"
412,2026-03-24 00:44:42.46481-07,CAM_01,1,0,0,0,"{""fps"": 25.03087974608002}"
413,2026-03-24 00:44:52.665398-07,CAM_01,1,0,0,0,"{""fps"": 18.820318027710524}"
414,2026-03-24 00:45:02.537918-07,CAM_01,1,0,0,0,"{""fps"": 18.990623097316135}"
415,2026-03-24 00:45:18.367452-07,CAM_01,1,0,0,0,"{""fps"": 24.734054472777057}"
416,2026-03-24 00:45:30.838836-07,CAM_01,1,0,0,0,"{""fps"": 12.670847682919462}"
417,2026-03-24 00:45:49.075805-07,CAM_01,1,0,0,0,"{""fps"": 1.2699974651347528}"
418,2026-03-24 00:46:06.388872-07,CAM_01,1,0,0,0,"{""fps"": 0.633831276943716}"
419,2026-03-24 00:46:12.370125-07,CAM_01,1,0,0,0,"{""fps"": 0.1004829323518822}"
420,2026-03-24 00:46:23.94816-07,CAM_01,1,0,0,0,"{""fps"": 1.838558582200311}"
421,2026-03-24 00:46:33.73632-07,CAM_01,1,0,0,0,"{""fps"": 16.80339195057189}"
422,2026-03-24 00:46:45.752542-07,CAM_01,1,0,0,0,"{""fps"": 26.624378449823887}"
423,2026-03-24 00:46:54.502514-07,CAM_01,1,0,0,0,"{""fps"": 18.213978323723268}"
424,2026-03-24 00:47:08.644411-07,CAM_01,1,0,0,0,"{""fps"": 1.4632466172723964}"
425,2026-03-24 00:47:23.616631-07,CAM_01,1,0,0,0,"{""fps"": 1.1040237529524484}"
426,2026-03-24 00:47:32.876913-07,CAM_01,1,0,0,0,"{""fps"": 1.3938423087746414}"
427,2026-03-24 00:47:43.710167-07,CAM_01,1,0,0,0,"{""fps"": 23.56698108569382}"
428,2026-03-24 00:47:53.341523-07,CAM_01,1,0,0,0,"{""fps"": 19.37845589757237}"
429,2026-03-24 00:48:03.095296-07,CAM_01,1,0,0,0,"{""fps"": 22.561386579728683}"
430,2026-03-24 00:48:14.419421-07,CAM_01,1,0,0,0,"{""fps"": 25.793323985929696}"
431,2026-03-24 00:48:24.523589-07,CAM_01,1,0,0,0,"{""fps"": 1.6260120325473466}"
432,2026-03-24 00:48:34.950173-07,CAM_01,1,0,0,0,"{""fps"": 1.2066678960706734}"
433,2026-03-24 00:48:45.572923-07,CAM_01,1,0,0,0,"{""fps"": 0.7768383378420276}"
434,2026-03-24 00:48:56.829225-07,CAM_01,1,0,0,0,"{""fps"": 1.1246827171265983}"
435,2026-03-24 00:49:07.484871-07,CAM_01,1,0,0,0,"{""fps"": 1.1231253146343814}"
436,2026-03-24 00:49:21.365584-07,CAM_01,1,0,0,0,"{""fps"": 0.8689566501338387}"
437,2026-03-24 00:49:33.904322-07,CAM_01,1,0,0,0,"{""fps"": 0.44161887810191347}"
438,2026-03-24 00:49:47.600595-07,CAM_01,1,0,0,0,"{""fps"": 0.1418471290297653}"
439,2026-03-24 00:49:57.93115-07,CAM_01,1,0,0,0,"{""fps"": 0.0808547123189072}"
440,2026-03-24 00:50:11.593964-07,CAM_01,1,0,0,0,"{""fps"": 1.6023818771545328}"
441,2026-03-24 00:50:26.366596-07,CAM_01,1,0,0,0,"{""fps"": 1.6731175152216131}"
442,2026-03-24 00:50:38.901437-07,CAM_01,1,0,0,0,"{""fps"": 0.2425168148199298}"
443,2026-03-24 00:50:47.614282-07,CAM_01,1,0,0,0,"{""fps"": 0.09484529657618597}"
444,2026-03-24 00:51:57.485666-07,CAM_01,1,0,0,0,"{""fps"": 0.09259323483913887}"
445,2026-03-24 02:54:35.35152-07,CAM_01,0,0,0,0,"{""fps"": 0.3865910020783521}"
446,2026-03-24 02:54:46.939327-07,CAM_01,1,0,0,0,"{""fps"": 0.3865910020783521}"
447,2026-03-24 02:55:11.816185-07,CAM_01,1,0,0,0,"{""fps"": 0.3435268323926992}"
448,2026-03-24 02:55:21.699746-07,CAM_01,1,0,0,0,"{""fps"": 24.98628058333792}"
449,2026-03-24 02:55:31.719423-07,CAM_01,1,0,0,0,"{""fps"": 18.66104670004927}"
450,2026-03-24 02:55:41.780227-07,CAM_01,1,0,0,0,"{""fps"": 23.67254227865569}"
451,2026-03-24 02:55:51.804657-07,CAM_01,1,0,0,0,"{""fps"": 24.162825128899385}"
452,2026-03-24 02:56:01.872498-07,CAM_01,0,0,0,0,"{""fps"": 16.197507216713813}"
453,2026-03-24 02:56:11.904978-07,CAM_01,2,0,0,0,"{""fps"": 20.400699164336782}"
454,2026-03-24 02:56:21.916685-07,CAM_01,1,0,1,0,"{""fps"": 24.24100073284123}"
455,2026-03-24 02:56:31.94663-07,CAM_01,1,0,1,0,"{""fps"": 23.850052384998225}"
456,2026-03-24 02:56:41.991697-07,CAM_01,1,0,0,0,"{""fps"": 23.512644114171568}"
457,2026-03-24 02:56:52.005043-07,CAM_01,2,0,0,0,"{""fps"": 24.745195647009197}"
458,2026-03-24 02:57:02.088154-07,CAM_01,2,0,0,0,"{""fps"": 24.841232557021126}"
459,2026-03-24 02:57:12.108759-07,CAM_01,2,0,0,0,"{""fps"": 24.936882319864754}"
460,2026-03-24 02:57:22.164676-07,CAM_01,1,0,0,0,"{""fps"": 22.53495606023089}"
461,2026-03-24 02:57:32.168379-07,CAM_01,2,0,0,0,"{""fps"": 23.445818148319322}"
462,2026-03-24 02:57:42.202303-07,CAM_01,2,0,0,0,"{""fps"": 24.171146514478238}"
463,2026-03-24 02:57:52.280836-07,CAM_01,1,0,1,0,"{""fps"": 23.823230131115775}"
464,2026-03-24 02:58:02.333776-07,CAM_01,1,0,1,0,"{""fps"": 25.389284861172744}"
465,2026-03-24 02:58:12.426086-07,CAM_01,1,0,0,0,"{""fps"": 23.9191120421396}"
466,2026-03-24 02:58:22.455743-07,CAM_01,2,0,0,0,"{""fps"": 21.70371964556077}"
467,2026-03-24 02:58:32.473439-07,CAM_01,1,0,0,0,"{""fps"": 23.37405648274461}"
468,2026-03-24 02:58:42.504204-07,CAM_01,2,0,0,0,"{""fps"": 25.533460658903973}"
469,2026-03-24 02:58:52.540715-07,CAM_01,1,0,0,0,"{""fps"": 23.206825617228095}"
470,2026-03-24 02:59:02.590192-07,CAM_01,2,0,0,0,"{""fps"": 24.738751997418014}"
471,2026-03-24 02:59:12.614378-07,CAM_01,1,0,0,0,"{""fps"": 24.50235121850166}"
472,2026-03-24 02:59:22.605986-07,CAM_01,1,0,0,0,"{""fps"": 22.229560283838296}"
473,2026-03-24 02:59:32.62312-07,CAM_01,1,0,0,0,"{""fps"": 23.67822751712299}"
474,2026-03-24 02:59:42.666585-07,CAM_01,1,0,0,0,"{""fps"": 25.653627731310877}"
475,2026-03-24 02:59:52.720206-07,CAM_01,1,0,0,0,"{""fps"": 22.717512267867395}"
476,2026-03-24 03:00:02.768822-07,CAM_01,1,0,0,0,"{""fps"": 24.851215261319467}"
477,2026-03-24 03:00:12.788419-07,CAM_01,1,0,0,0,"{""fps"": 24.956492930339184}"
478,2026-03-24 03:00:22.860671-07,CAM_01,2,0,0,0,"{""fps"": 22.962733429323816}"
479,2026-03-24 03:00:32.924388-07,CAM_01,2,0,0,0,"{""fps"": 22.647924057017985}"
480,2026-03-24 03:00:42.923332-07,CAM_01,2,0,0,0,"{""fps"": 21.842995967287592}"
481,2026-03-24 03:00:53.014275-07,CAM_01,2,0,0,0,"{""fps"": 19.634999916906057}"
482,2026-03-24 03:01:03.085931-07,CAM_01,2,0,0,0,"{""fps"": 25.659253416997586}"
483,2026-03-24 03:01:13.090625-07,CAM_01,1,0,0,0,"{""fps"": 22.488490496656325}"
484,2026-03-24 03:01:23.110631-07,CAM_01,1,0,0,0,"{""fps"": 20.45346775098058}"
485,2026-03-24 03:01:33.148725-07,CAM_01,2,0,0,0,"{""fps"": 25.912679241086597}"
486,2026-03-24 03:01:43.151238-07,CAM_01,2,0,0,0,"{""fps"": 23.62089355200756}"
487,2026-03-24 03:01:53.163626-07,CAM_01,2,0,0,0,"{""fps"": 18.60091641724784}"
488,2026-03-24 03:02:03.201845-07,CAM_01,2,0,1,0,"{""fps"": 25.681042579306602}"
489,2026-03-24 03:02:13.273364-07,CAM_01,2,0,1,0,"{""fps"": 22.35496684260544}"
490,2026-03-24 03:02:23.260236-07,CAM_01,2,0,0,0,"{""fps"": 21.757079120820045}"
491,2026-03-24 03:02:33.263643-07,CAM_01,2,0,0,0,"{""fps"": 24.638109208580726}"
492,2026-03-24 03:02:43.261779-07,CAM_01,1,0,0,0,"{""fps"": 19.837649546070477}"
493,2026-03-24 03:02:53.27676-07,CAM_01,1,0,0,0,"{""fps"": 21.727135453224516}"
494,2026-03-24 03:03:03.330293-07,CAM_01,1,0,0,0,"{""fps"": 22.14544523783015}"
495,2026-03-24 03:03:13.351453-07,CAM_01,1,0,0,0,"{""fps"": 20.093739349201112}"
496,2026-03-24 03:03:23.393996-07,CAM_01,1,0,0,0,"{""fps"": 22.57416816117474}"
497,2026-03-24 03:03:33.405373-07,CAM_01,2,0,0,0,"{""fps"": 21.58847822939956}"
498,2026-03-24 03:03:43.424396-07,CAM_01,2,0,1,0,"{""fps"": 22.890522033692392}"
499,2026-03-24 03:03:53.425119-07,CAM_01,1,0,0,0,"{""fps"": 18.523481109561775}"
500,2026-03-24 03:04:03.454512-07,CAM_01,1,0,0,0,"{""fps"": 14.19579271972597}"
501,2026-03-24 03:04:13.735354-07,CAM_01,1,0,0,0,"{""fps"": 22.2765055401754}"
502,2026-03-24 03:04:23.539184-07,CAM_01,1,0,0,0,"{""fps"": 23.697374705940653}"
503,2026-03-24 03:04:33.601329-07,CAM_01,1,0,0,0,"{""fps"": 20.867693288890962}"
504,2026-03-24 03:04:43.593733-07,CAM_01,1,0,1,0,"{""fps"": 18.784358298286794}"
505,2026-03-24 03:04:53.64639-07,CAM_01,1,0,0,0,"{""fps"": 23.87007289784958}"
506,2026-03-24 03:05:03.657663-07,CAM_01,1,0,0,0,"{""fps"": 22.660394257866095}"
507,2026-03-24 03:05:13.670151-07,CAM_01,2,0,1,0,"{""fps"": 23.983617528862908}"
508,2026-03-24 03:05:23.726817-07,CAM_01,1,0,0,0,"{""fps"": 22.796795592025852}"
509,2026-03-24 03:05:33.733694-07,CAM_01,1,0,0,0,"{""fps"": 23.980149488681626}"
510,2026-03-24 03:05:43.772229-07,CAM_01,1,0,0,0,"{""fps"": 26.98168543376209}"
511,2026-03-24 03:05:53.826963-07,CAM_01,2,0,1,0,"{""fps"": 22.342899225859206}"
512,2026-03-24 03:06:03.863329-07,CAM_01,1,0,0,0,"{""fps"": 26.58143922012023}"
513,2026-03-24 03:06:13.86744-07,CAM_01,1,0,0,0,"{""fps"": 25.086600515571824}"
514,2026-03-24 03:06:23.925967-07,CAM_01,1,0,0,0,"{""fps"": 24.16312023397699}"
541,2026-03-24 05:56:02.111966-07,CAM_01,0,0,0,0,"{""fps"": 0.46466858148537377}"
542,2026-03-24 05:56:32.917477-07,CAM_01,1,0,0,0,"{""fps"": 0.46466858148537377}"
543,2026-03-24 05:56:42.223912-07,CAM_01,1,0,0,0,"{""fps"": 22.44199927454923}"
544,2026-03-24 05:56:52.183813-07,CAM_01,0,0,0,0,"{""fps"": 23.989664715733213}"
545,2026-03-24 05:57:02.196393-07,CAM_01,1,0,0,0,"{""fps"": 21.0161839596499}"
546,2026-03-24 05:57:12.228367-07,CAM_01,1,0,0,0,"{""fps"": 22.487521125250296}"
547,2026-03-24 05:57:22.230733-07,CAM_01,0,0,0,0,"{""fps"": 21.151267315330646}"
548,2026-03-24 05:57:32.229603-07,CAM_01,1,0,0,0,"{""fps"": 15.63893968477833}"
549,2026-03-24 05:57:42.244917-07,CAM_01,1,0,0,0,"{""fps"": 25.533825347469374}"
550,2026-03-24 05:57:52.263315-07,CAM_01,1,0,0,0,"{""fps"": 24.48584045729743}"
551,2026-03-24 05:58:02.294764-07,CAM_01,1,0,0,0,"{""fps"": 23.855540543967194}"
552,2026-03-24 05:58:12.361096-07,CAM_01,1,0,0,0,"{""fps"": 21.597084459806585}"
553,2026-03-24 05:58:22.408442-07,CAM_01,1,0,0,0,"{""fps"": 21.914105440748713}"
554,2026-03-24 05:58:32.406386-07,CAM_01,1,0,0,0,"{""fps"": 18.557354663686006}"
555,2026-03-24 05:58:42.422201-07,CAM_01,1,0,0,0,"{""fps"": 22.71105338530539}"
556,2026-03-24 05:58:52.448399-07,CAM_01,1,0,0,0,"{""fps"": 19.56612897921331}"
557,2026-03-24 05:59:02.452338-07,CAM_01,1,0,0,0,"{""fps"": 23.376879105363198}"
558,2026-03-24 05:59:12.477639-07,CAM_01,1,0,0,0,"{""fps"": 22.877959423747026}"
559,2026-03-24 05:59:22.507989-07,CAM_01,1,0,0,0,"{""fps"": 23.69466222922026}"
560,2026-03-24 05:59:32.522117-07,CAM_01,1,0,0,0,"{""fps"": 24.289454646871754}"
561,2026-03-24 05:59:42.545646-07,CAM_01,1,0,0,0,"{""fps"": 22.830333816905068}"
562,2026-03-24 05:59:52.577388-07,CAM_01,1,0,0,0,"{""fps"": 26.331489796060723}"
563,2026-03-24 06:00:02.57716-07,CAM_01,1,0,0,0,"{""fps"": 23.803395704984595}"
564,2026-03-24 06:00:12.606737-07,CAM_01,1,0,0,0,"{""fps"": 23.98756100054355}"
565,2026-03-24 06:00:22.60349-07,CAM_01,1,0,0,0,"{""fps"": 25.813233803218303}"
566,2026-03-24 06:00:32.613158-07,CAM_01,1,0,1,0,"{""fps"": 23.033829973065533}"
567,2026-03-24 06:00:42.612645-07,CAM_01,1,0,0,0,"{""fps"": 24.799014827955556}"
568,2026-03-24 06:00:52.615934-07,CAM_01,1,0,0,0,"{""fps"": 23.725677286748546}"
569,2026-03-24 06:01:02.631094-07,CAM_01,1,0,0,0,"{""fps"": 26.624534936673804}"
570,2026-03-24 06:01:12.698355-07,CAM_01,1,0,0,0,"{""fps"": 19.83973738140597}"
571,2026-03-24 06:01:22.699513-07,CAM_01,1,0,0,0,"{""fps"": 25.25900836787036}"
572,2026-03-24 06:01:32.734218-07,CAM_01,0,0,0,0,"{""fps"": 25.948897863304403}"
573,2026-03-24 06:01:42.786631-07,CAM_01,1,0,0,0,"{""fps"": 26.395557845966447}"
574,2026-03-24 06:01:52.833095-07,CAM_01,1,0,0,0,"{""fps"": 25.31873161057522}"
575,2026-03-24 06:02:02.847819-07,CAM_01,1,0,0,0,"{""fps"": 25.733092202383872}"
576,2026-03-24 06:02:12.853949-07,CAM_01,1,0,0,0,"{""fps"": 22.932636517483747}"
577,2026-03-24 06:02:22.873074-07,CAM_01,1,0,0,0,"{""fps"": 24.2258344888962}"
578,2026-03-24 06:02:32.876056-07,CAM_01,1,0,0,0,"{""fps"": 25.45013727197962}"
579,2026-03-24 06:02:42.918196-07,CAM_01,1,0,0,0,"{""fps"": 24.194615363493998}"
580,2026-03-24 06:02:52.944627-07,CAM_01,1,0,0,0,"{""fps"": 26.6786329151617}"
581,2026-03-24 06:03:02.954099-07,CAM_01,1,0,0,0,"{""fps"": 25.17356971375808}"
582,2026-03-24 06:03:12.978154-07,CAM_01,1,0,0,0,"{""fps"": 23.753943070274776}"
583,2026-03-24 06:03:23.020339-07,CAM_01,1,0,0,0,"{""fps"": 25.992315656801598}"
584,2026-03-24 06:03:33.059445-07,CAM_01,1,0,0,0,"{""fps"": 26.601338638275923}"
585,2026-03-24 06:03:43.098364-07,CAM_01,1,0,0,0,"{""fps"": 25.47716673620881}"
586,2026-03-24 06:03:53.10268-07,CAM_01,1,0,0,0,"{""fps"": 25.9386274959398}"
587,2026-03-24 06:04:03.143507-07,CAM_01,1,0,0,0,"{""fps"": 24.484582602565688}"
588,2026-03-24 06:04:13.152084-07,CAM_01,0,0,0,0,"{""fps"": 23.301165691418504}"
589,2026-03-24 06:04:23.170609-07,CAM_01,1,0,0,0,"{""fps"": 22.26048559263451}"
590,2026-03-24 06:04:33.228909-07,CAM_01,0,0,0,0,"{""fps"": 22.764241997724103}"
591,2026-03-24 06:04:43.228658-07,CAM_01,0,0,0,0,"{""fps"": 23.305381497112766}"
592,2026-03-24 06:04:53.235793-07,CAM_01,1,0,0,0,"{""fps"": 22.949227010715976}"
593,2026-03-24 06:05:03.255981-07,CAM_01,1,0,0,0,"{""fps"": 23.28165696321013}"
594,2026-03-24 06:05:13.260733-07,CAM_01,1,0,0,0,"{""fps"": 19.612505736850018}"
595,2026-03-24 06:05:23.322065-07,CAM_01,1,0,0,0,"{""fps"": 22.698497339226122}"
596,2026-03-24 06:05:33.428125-07,CAM_01,1,0,0,0,"{""fps"": 17.85325618078769}"
597,2026-03-24 06:05:43.421596-07,CAM_01,1,0,0,0,"{""fps"": 21.685785709635805}"
598,2026-03-24 06:05:53.438769-07,CAM_01,1,0,0,0,"{""fps"": 15.85885441042157}"
599,2026-03-24 06:06:03.568268-07,CAM_01,1,0,0,0,"{""fps"": 14.554859700720472}"
600,2026-03-24 06:06:13.747699-07,CAM_01,1,0,0,0,"{""fps"": 14.65879701728732}"
601,2026-03-24 06:06:23.850859-07,CAM_01,1,0,0,0,"{""fps"": 13.262962840827521}"
602,2026-03-24 06:06:33.979353-07,CAM_01,1,0,0,0,"{""fps"": 9.649294058292327}"
603,2026-03-24 06:06:43.824793-07,CAM_01,1,0,0,0,"{""fps"": 14.301116820131313}"
604,2026-03-24 06:06:53.806418-07,CAM_01,1,0,0,0,"{""fps"": 21.908553826370653}"
605,2026-03-24 06:07:03.834922-07,CAM_01,1,0,0,0,"{""fps"": 24.845292964291296}"
606,2026-03-24 06:07:13.868722-07,CAM_01,1,0,0,0,"{""fps"": 24.952513941221515}"
607,2026-03-24 06:07:23.958185-07,CAM_01,1,0,0,0,"{""fps"": 27.211822632704557}"
608,2026-03-24 06:07:33.963107-07,CAM_01,1,0,0,0,"{""fps"": 24.24148268980734}"
609,2026-03-24 06:07:43.993842-07,CAM_01,1,0,0,0,"{""fps"": 25.250615567074234}"
610,2026-03-24 06:07:54.02611-07,CAM_01,1,0,0,0,"{""fps"": 25.155788775339314}"
611,2026-03-24 06:08:04.058351-07,CAM_01,0,0,0,0,"{""fps"": 25.182347494163476}"
612,2026-03-24 06:08:14.163368-07,CAM_01,0,0,0,0,"{""fps"": 24.221077948104817}"
613,2026-03-24 06:08:24.1792-07,CAM_01,1,0,0,0,"{""fps"": 20.674457579521672}"
614,2026-03-24 06:08:34.215035-07,CAM_01,1,0,0,0,"{""fps"": 23.092440375348836}"
615,2026-03-24 06:08:44.246944-07,CAM_01,0,0,0,0,"{""fps"": 20.856916211351056}"
616,2026-03-24 06:08:54.250044-07,CAM_01,1,0,0,0,"{""fps"": 19.57222802279528}"
617,2026-03-24 06:09:04.248613-07,CAM_01,1,0,0,0,"{""fps"": 25.65765358796198}"
618,2026-03-24 06:09:14.278003-07,CAM_01,1,0,0,0,"{""fps"": 27.14282392764472}"
619,2026-03-24 06:09:24.309143-07,CAM_01,1,0,0,0,"{""fps"": 25.021046451146027}"
620,2026-03-24 06:09:34.341967-07,CAM_01,0,0,0,0,"{""fps"": 24.99675792782003}"
621,2026-03-24 06:09:44.408556-07,CAM_01,1,0,0,0,"{""fps"": 24.704486921344824}"
622,2026-03-24 06:09:54.453238-07,CAM_01,1,0,0,0,"{""fps"": 24.5616295278489}"
623,2026-03-24 06:10:04.478722-07,CAM_01,1,0,0,0,"{""fps"": 26.559407938726274}"
624,2026-03-24 06:10:14.501346-07,CAM_01,0,0,0,0,"{""fps"": 25.182958097259252}"
625,2026-03-24 06:10:24.602877-07,CAM_01,0,0,0,0,"{""fps"": 22.187785039010297}"
626,2026-03-24 06:10:34.631176-07,CAM_01,0,0,0,0,"{""fps"": 24.542695859979936}"
627,2026-03-24 06:10:44.663757-07,CAM_01,0,0,0,0,"{""fps"": 24.70774633616688}"
628,2026-03-24 06:10:54.685345-07,CAM_01,0,0,0,0,"{""fps"": 25.23758999919232}"
629,2026-03-24 06:11:04.692335-07,CAM_01,0,0,0,0,"{""fps"": 24.78008074309909}"
630,2026-03-24 06:11:14.70518-07,CAM_01,0,0,0,0,"{""fps"": 25.185691635978998}"
631,2026-03-24 06:11:24.715321-07,CAM_01,0,0,0,0,"{""fps"": 26.47901237108147}"
632,2026-03-24 06:11:34.718267-07,CAM_01,0,0,0,0,"{""fps"": 25.0187415980055}"
633,2026-03-24 06:11:44.742911-07,CAM_01,0,0,0,0,"{""fps"": 24.493144285347224}"
634,2026-03-24 06:11:54.755182-07,CAM_01,0,0,0,0,"{""fps"": 23.63398712452398}"
635,2026-03-24 06:12:04.775065-07,CAM_01,0,0,0,0,"{""fps"": 26.540908467712168}"
636,2026-03-24 06:12:14.841641-07,CAM_01,0,0,0,0,"{""fps"": 24.743382971787447}"
637,2026-03-24 06:12:24.842779-07,CAM_01,0,0,0,0,"{""fps"": 23.146826333241137}"
638,2026-03-24 06:12:34.857952-07,CAM_01,0,0,0,0,"{""fps"": 25.78221325501793}"
639,2026-03-24 06:12:44.962166-07,CAM_01,0,0,0,0,"{""fps"": 26.488364493971094}"
640,2026-03-24 06:12:54.986571-07,CAM_01,0,0,0,0,"{""fps"": 25.943675254138903}"
641,2026-03-24 06:13:05.039512-07,CAM_01,0,0,0,0,"{""fps"": 24.70783388922157}"
642,2026-03-24 06:13:15.071936-07,CAM_01,0,0,0,0,"{""fps"": 22.779552923874835}"
643,2026-03-24 06:13:25.072351-07,CAM_01,0,0,0,0,"{""fps"": 26.617013130324317}"
644,2026-03-24 06:13:35.09906-07,CAM_01,0,0,0,0,"{""fps"": 25.975469390331483}"
645,2026-03-24 06:13:45.192174-07,CAM_01,1,0,0,0,"{""fps"": 24.064766594420224}"
646,2026-03-24 06:13:55.195368-07,CAM_01,1,0,0,0,"{""fps"": 24.565910703705516}"
647,2026-03-24 06:14:05.2262-07,CAM_01,1,0,0,0,"{""fps"": 26.93884285410481}"
648,2026-03-24 06:14:15.257744-07,CAM_01,1,0,0,0,"{""fps"": 26.511767522055838}"
649,2026-03-24 06:14:25.287883-07,CAM_01,0,0,0,0,"{""fps"": 25.000366022029315}"
650,2026-03-24 06:14:35.320136-07,CAM_01,1,0,0,0,"{""fps"": 26.651685054787816}"
651,2026-03-24 06:14:45.351646-07,CAM_01,0,0,0,0,"{""fps"": 25.984982586434004}"
652,2026-03-24 06:14:55.38799-07,CAM_01,0,0,0,0,"{""fps"": 25.089162669620602}"
653,2026-03-24 06:15:05.417356-07,CAM_01,1,0,0,0,"{""fps"": 25.99064924962099}"
654,2026-03-24 06:15:15.447757-07,CAM_01,1,0,0,0,"{""fps"": 26.58881607600735}"
655,2026-03-24 06:15:25.452112-07,CAM_01,1,0,0,0,"{""fps"": 24.555141558268513}"
656,2026-03-24 06:15:35.478828-07,CAM_01,1,0,0,0,"{""fps"": 25.053340070492393}"
657,2026-03-24 06:15:45.504608-07,CAM_01,1,0,0,0,"{""fps"": 26.61734470110248}"
658,2026-03-24 06:15:55.533756-07,CAM_01,0,0,0,0,"{""fps"": 26.520614877333657}"
659,2026-03-24 06:16:05.602321-07,CAM_01,1,0,0,0,"{""fps"": 24.61225307965342}"
660,2026-03-24 06:16:15.630965-07,CAM_01,0,0,0,0,"{""fps"": 26.466685098535322}"
661,2026-03-24 06:16:25.697074-07,CAM_01,1,0,0,0,"{""fps"": 24.60353866394049}"
662,2026-03-24 06:16:35.727947-07,CAM_01,1,0,0,0,"{""fps"": 24.997860597107966}"
663,2026-03-24 06:16:45.758228-07,CAM_01,0,0,0,0,"{""fps"": 26.66918994303553}"
664,2026-03-24 06:16:55.789247-07,CAM_01,0,0,0,0,"{""fps"": 25.981348552586596}"
665,2026-03-24 06:17:05.821782-07,CAM_01,1,0,0,0,"{""fps"": 24.92347368048071}"
666,2026-03-24 06:17:15.853099-07,CAM_01,0,0,0,0,"{""fps"": 26.513586180351805}"
667,2026-03-24 06:17:25.919942-07,CAM_01,1,0,0,0,"{""fps"": 25.95766867310428}"
668,2026-03-24 06:17:35.949571-07,CAM_01,0,0,0,0,"{""fps"": 24.990584468245448}"
669,2026-03-24 06:17:45.981164-07,CAM_01,1,0,0,0,"{""fps"": 24.98583713410243}"
670,2026-03-24 06:17:56.015464-07,CAM_01,1,0,0,0,"{""fps"": 24.66674084579735}"
671,2026-03-24 06:18:06.046642-07,CAM_01,0,0,0,0,"{""fps"": 26.53008964307928}"
672,2026-03-24 06:18:16.076141-07,CAM_01,0,0,0,0,"{""fps"": 24.678206333919825}"
673,2026-03-24 06:18:26.111689-07,CAM_01,0,0,0,0,"{""fps"": 24.99516810116882}"
674,2026-03-24 06:18:36.121628-07,CAM_01,1,0,0,0,"{""fps"": 16.846466207088607}"
675,2026-03-24 06:18:46.133386-07,CAM_01,1,0,0,0,"{""fps"": 23.065893520909626}"
676,2026-03-24 06:18:56.140616-07,CAM_01,1,0,0,0,"{""fps"": 25.920495230878533}"
677,2026-03-24 06:19:06.209709-07,CAM_01,1,0,0,0,"{""fps"": 24.93347723678944}"
678,2026-03-24 06:19:16.223005-07,CAM_01,1,0,0,0,"{""fps"": 24.071014986676744}"
679,2026-03-24 06:19:26.248507-07,CAM_01,1,0,0,0,"{""fps"": 25.812268436277236}"
680,2026-03-24 06:19:36.268846-07,CAM_01,1,0,0,0,"{""fps"": 26.598964378977353}"
681,2026-03-24 06:19:46.282102-07,CAM_01,1,0,0,0,"{""fps"": 26.505742283937614}"
682,2026-03-24 06:19:56.29705-07,CAM_01,0,0,0,0,"{""fps"": 22.31516973192139}"
683,2026-03-24 06:20:06.30295-07,CAM_01,1,0,0,0,"{""fps"": 18.395428968196168}"
684,2026-03-24 06:20:16.332002-07,CAM_01,0,0,0,0,"{""fps"": 22.53707682236278}"
685,2026-03-24 06:20:26.37674-07,CAM_01,0,0,0,0,"{""fps"": 22.565859058340003}"
686,2026-03-24 06:20:36.447731-07,CAM_01,0,0,0,0,"{""fps"": 23.360007797243814}"
687,2026-03-24 06:20:46.537586-07,CAM_01,1,0,0,0,"{""fps"": 21.405263613294945}"
688,2026-03-24 06:20:56.697078-07,CAM_01,1,0,0,0,"{""fps"": 22.533055873546356}"
689,2026-03-24 06:21:06.655181-07,CAM_01,1,0,0,0,"{""fps"": 26.616981850488642}"
690,2026-03-24 06:21:16.683269-07,CAM_01,1,0,0,0,"{""fps"": 24.75618051035352}"
691,2026-03-24 06:21:26.690166-07,CAM_01,1,0,0,0,"{""fps"": 24.955405565913896}"
692,2026-03-24 06:21:36.744246-07,CAM_01,0,0,0,0,"{""fps"": 24.691147552409845}"
693,2026-03-24 06:21:46.773421-07,CAM_01,0,0,0,0,"{""fps"": 25.983434747573135}"
694,2026-03-24 06:21:56.850815-07,CAM_01,0,0,0,0,"{""fps"": 24.965066915100877}"
695,2026-03-24 06:22:06.976509-07,CAM_01,0,0,0,0,"{""fps"": 24.968027287825844}"
696,2026-03-24 06:22:16.900768-07,CAM_01,0,0,0,0,"{""fps"": 26.484567107241183}"
697,2026-03-24 06:22:26.899485-07,CAM_01,0,0,0,0,"{""fps"": 26.543527451731354}"
698,2026-03-24 06:22:36.929775-07,CAM_01,0,0,0,0,"{""fps"": 25.962210822803208}"
699,2026-03-24 06:22:46.935269-07,CAM_01,0,0,0,0,"{""fps"": 24.96069149051065}"
700,2026-03-24 06:22:56.939231-07,CAM_01,0,0,0,0,"{""fps"": 24.996199788237025}"
701,2026-03-24 06:23:06.946328-07,CAM_01,0,0,0,0,"{""fps"": 25.975840627125166}"
702,2026-03-24 06:23:16.992468-07,CAM_01,0,0,0,0,"{""fps"": 26.47832515770621}"
703,2026-03-24 06:23:26.997602-07,CAM_01,0,0,0,0,"{""fps"": 25.98826461477747}"
704,2026-03-24 06:23:37.02658-07,CAM_01,0,0,0,0,"{""fps"": 26.509247882290786}"
705,2026-03-24 06:23:47.05759-07,CAM_01,0,0,0,0,"{""fps"": 24.672718985981216}"
706,2026-03-24 06:23:57.062162-07,CAM_01,0,0,0,0,"{""fps"": 24.60070448871077}"
707,2026-03-24 06:24:07.066203-07,CAM_01,0,0,0,0,"{""fps"": 24.55018586316154}"
708,2026-03-24 06:24:17.080555-07,CAM_01,0,0,0,0,"{""fps"": 25.976762577726454}"
709,2026-03-24 06:24:27.111257-07,CAM_01,0,0,0,0,"{""fps"": 24.681406961841333}"
710,2026-03-24 06:24:37.145018-07,CAM_01,0,0,0,0,"{""fps"": 26.50003603657572}"
711,2026-03-24 06:24:47.176761-07,CAM_01,0,0,0,0,"{""fps"": 25.985013545092208}"
712,2026-03-24 06:24:57.208902-07,CAM_01,0,0,0,0,"{""fps"": 24.977361481832414}"
713,2026-03-24 06:25:07.239071-07,CAM_01,0,0,0,0,"{""fps"": 26.49854785435302}"
714,2026-03-24 06:25:17.303756-07,CAM_01,0,0,0,0,"{""fps"": 26.468658422971405}"
715,2026-03-24 06:25:27.336266-07,CAM_01,0,0,0,0,"{""fps"": 24.603221157658965}"
716,2026-03-24 06:25:37.402845-07,CAM_01,0,0,0,0,"{""fps"": 24.945367925108084}"
717,2026-03-24 06:25:47.43539-07,CAM_01,0,0,0,0,"{""fps"": 24.590320019173667}"
718,2026-03-24 06:25:57.474133-07,CAM_01,0,0,0,0,"{""fps"": 25.983632860656297}"
719,2026-03-24 06:26:07.507122-07,CAM_01,1,0,0,0,"{""fps"": 26.830883013196026}"
720,2026-03-24 06:26:17.518868-07,CAM_01,1,0,0,0,"{""fps"": 25.97160297126145}"
721,2026-03-24 06:26:27.525773-07,CAM_01,1,0,0,0,"{""fps"": 24.936590238137548}"
722,2026-03-24 06:26:37.554775-07,CAM_01,0,0,0,0,"{""fps"": 26.43512102205218}"
723,2026-03-24 06:26:47.586103-07,CAM_01,0,0,0,0,"{""fps"": 24.58535011596598}"
724,2026-03-24 06:26:57.650781-07,CAM_01,0,0,0,0,"{""fps"": 26.520919207198194}"
725,2026-03-24 06:27:07.681708-07,CAM_01,0,0,0,0,"{""fps"": 25.983428556587963}"
726,2026-03-24 06:27:17.75601-07,CAM_01,1,0,0,0,"{""fps"": 23.8777529440832}"
727,2026-03-24 06:27:27.823494-07,CAM_01,1,0,0,0,"{""fps"": 24.92561485264051}"
728,2026-03-24 06:27:37.891818-07,CAM_01,0,0,0,0,"{""fps"": 24.8291031624963}"
729,2026-03-24 06:27:47.849437-07,CAM_01,1,0,0,0,"{""fps"": 24.956653964241042}"
730,2026-03-24 06:27:57.877835-07,CAM_01,1,0,0,0,"{""fps"": 24.19035657946158}"
731,2026-03-24 06:28:07.941065-07,CAM_01,1,0,0,0,"{""fps"": 25.481393416498662}"
732,2026-03-24 06:28:17.971868-07,CAM_01,1,0,0,0,"{""fps"": 24.726545506819576}"
733,2026-03-24 06:28:27.976203-07,CAM_01,1,0,0,0,"{""fps"": 24.630169053830812}"
734,2026-03-24 06:28:37.991235-07,CAM_01,1,0,0,0,"{""fps"": 26.111272561932477}"
735,2026-03-24 06:28:48.005324-07,CAM_01,0,0,0,0,"{""fps"": 24.470474900503284}"
736,2026-03-24 06:28:58.064012-07,CAM_01,1,0,0,0,"{""fps"": 24.252937607739653}"
737,2026-03-24 06:29:08.092262-07,CAM_01,1,0,0,0,"{""fps"": 24.89969013590185}"
738,2026-03-24 06:29:18.099335-07,CAM_01,1,0,0,0,"{""fps"": 26.466672727523434}"
739,2026-03-24 06:29:28.102412-07,CAM_01,1,0,0,0,"{""fps"": 26.460871997291438}"
740,2026-03-24 06:29:38.115441-07,CAM_01,1,0,0,0,"{""fps"": 26.597752420535233}"
741,2026-03-24 06:29:48.122777-07,CAM_01,1,0,0,0,"{""fps"": 26.51071244219242}"
742,2026-03-24 06:29:58.154914-07,CAM_01,1,0,0,0,"{""fps"": 24.984227530209314}"
743,2026-03-24 06:30:08.184863-07,CAM_01,0,0,0,0,"{""fps"": 26.470390737086575}"
744,2026-03-24 06:30:18.218941-07,CAM_01,1,0,0,0,"{""fps"": 24.932318981450393}"
745,2026-03-24 06:30:28.248112-07,CAM_01,1,0,0,0,"{""fps"": 24.921526582091285}"
746,2026-03-24 06:30:38.280525-07,CAM_01,1,0,0,0,"{""fps"": 26.470990913075237}"
747,2026-03-24 06:30:48.344255-07,CAM_01,0,0,0,0,"{""fps"": 24.96770801112153}"
748,2026-03-24 06:30:58.380414-07,CAM_01,1,0,0,0,"{""fps"": 25.069168428392754}"
749,2026-03-24 06:31:08.406278-07,CAM_01,0,0,0,0,"{""fps"": 24.961181143130332}"
750,2026-03-24 06:31:18.44005-07,CAM_01,0,0,0,0,"{""fps"": 26.516162522709248}"
751,2026-03-24 06:31:28.473517-07,CAM_01,1,0,0,0,"{""fps"": 25.79929797799019}"
752,2026-03-24 06:31:38.498437-07,CAM_01,1,0,0,0,"{""fps"": 18.82721869894037}"
753,2026-03-24 06:31:48.509158-07,CAM_01,1,0,0,0,"{""fps"": 26.53998790251612}"
754,2026-03-24 06:31:58.630814-07,CAM_01,1,0,0,0,"{""fps"": 21.698437378015687}"
755,2026-03-24 06:32:08.725992-07,CAM_01,0,0,0,0,"{""fps"": 25.99828922085167}"
756,2026-03-24 06:32:18.674219-07,CAM_01,1,0,0,0,"{""fps"": 17.291572949109792}"
757,2026-03-24 06:32:28.701054-07,CAM_01,1,0,0,0,"{""fps"": 24.936076951174968}"
758,2026-03-24 06:32:38.724296-07,CAM_01,0,0,0,0,"{""fps"": 24.580387983323586}"
759,2026-03-24 06:32:48.758608-07,CAM_01,0,0,0,0,"{""fps"": 26.512723372784183}"
760,2026-03-24 06:32:58.78804-07,CAM_01,0,0,0,0,"{""fps"": 25.02426451610622}"
761,2026-03-24 06:33:08.820805-07,CAM_01,0,0,0,0,"{""fps"": 26.482585217148102}"
762,2026-03-24 06:33:18.85433-07,CAM_01,0,0,0,0,"{""fps"": 25.038600090871604}"
763,2026-03-24 06:33:28.916931-07,CAM_01,0,0,0,0,"{""fps"": 24.62960788090328}"
764,2026-03-24 06:33:38.949354-07,CAM_01,0,0,0,0,"{""fps"": 26.478622326680217}"
765,2026-03-24 06:33:48.979674-07,CAM_01,0,0,0,0,"{""fps"": 24.839886055133892}"
766,2026-03-24 06:33:59.012721-07,CAM_01,0,0,0,0,"{""fps"": 25.952522824375286}"
767,2026-03-24 06:34:09.042904-07,CAM_01,0,0,0,0,"{""fps"": 25.994893123642473}"
768,2026-03-24 06:34:19.075798-07,CAM_01,0,0,0,0,"{""fps"": 26.51223302516464}"
769,2026-03-24 06:34:29.105348-07,CAM_01,0,0,0,0,"{""fps"": 26.51594522149107}"
770,2026-03-24 06:34:39.138226-07,CAM_01,0,0,0,0,"{""fps"": 25.008062030020398}"
771,2026-03-24 06:34:49.172515-07,CAM_01,1,0,0,0,"{""fps"": 26.506201371487315}"
772,2026-03-24 06:34:59.177643-07,CAM_01,1,0,0,0,"{""fps"": 25.978513845317504}"
773,2026-03-24 06:35:09.202406-07,CAM_01,0,0,0,0,"{""fps"": 24.98467952131943}"
774,2026-03-24 06:35:19.264794-07,CAM_01,1,0,0,0,"{""fps"": 25.990519167345514}"
775,2026-03-24 06:35:29.297043-07,CAM_01,1,0,0,0,"{""fps"": 26.453170480683635}"
776,2026-03-24 06:35:39.361708-07,CAM_01,1,0,0,0,"{""fps"": 24.755346085273132}"
777,2026-03-24 06:35:49.393677-07,CAM_01,1,0,0,0,"{""fps"": 25.992451952343476}"
778,2026-03-24 06:35:59.425362-07,CAM_01,0,0,0,0,"{""fps"": 24.989354730086074}"
779,2026-03-24 06:36:09.455553-07,CAM_01,0,0,0,0,"{""fps"": 26.552377343838657}"
780,2026-03-24 06:36:19.488594-07,CAM_01,0,0,0,0,"{""fps"": 26.519521831741873}"
781,2026-03-24 06:36:29.519818-07,CAM_01,0,0,0,0,"{""fps"": 26.517069017636725}"
782,2026-03-24 06:36:39.551497-07,CAM_01,0,0,0,0,"{""fps"": 26.45934493580386}"
783,2026-03-24 06:36:49.581397-07,CAM_01,0,0,0,0,"{""fps"": 24.91679448181783}"
784,2026-03-24 06:36:59.645472-07,CAM_01,0,0,0,0,"{""fps"": 24.670576969679857}"
785,2026-03-24 06:37:09.676759-07,CAM_01,0,0,0,0,"{""fps"": 26.468720287428376}"
786,2026-03-24 06:37:19.707815-07,CAM_01,0,0,0,0,"{""fps"": 24.978975710799727}"
787,2026-03-24 06:37:29.715625-07,CAM_01,1,0,0,0,"{""fps"": 26.496545272939933}"
788,2026-03-24 06:37:39.744751-07,CAM_01,1,0,0,0,"{""fps"": 26.51202820178284}"
789,2026-03-24 06:37:49.777642-07,CAM_01,1,0,0,0,"{""fps"": 24.972971614097446}"
790,2026-03-24 06:37:59.808856-07,CAM_01,1,0,0,0,"{""fps"": 26.50301910504557}"
791,2026-03-24 06:38:09.839861-07,CAM_01,1,0,0,0,"{""fps"": 25.985824688223207}"
792,2026-03-24 06:38:19.870884-07,CAM_01,0,0,0,0,"{""fps"": 26.449803248915348}"
793,2026-03-24 06:38:29.904818-07,CAM_01,0,0,0,0,"{""fps"": 26.45779950647835}"
794,2026-03-24 06:38:39.934491-07,CAM_01,0,0,0,0,"{""fps"": 24.73244430355324}"
795,2026-03-24 06:38:49.966689-07,CAM_01,0,0,0,0,"{""fps"": 26.493098813794653}"
796,2026-03-24 06:38:59.998618-07,CAM_01,0,0,0,0,"{""fps"": 25.993183016462776}"
797,2026-03-24 06:39:10.030443-07,CAM_01,1,0,0,0,"{""fps"": 24.96379478257956}"
798,2026-03-24 06:39:20.060571-07,CAM_01,0,0,0,0,"{""fps"": 26.493594651974803}"
799,2026-03-24 06:39:30.094491-07,CAM_01,1,0,0,0,"{""fps"": 24.669746965793998}"
800,2026-03-24 06:39:40.12448-07,CAM_01,1,0,0,0,"{""fps"": 24.971572908960407}"
801,2026-03-24 06:39:50.156499-07,CAM_01,1,0,0,0,"{""fps"": 26.52280123884951}"
802,2026-03-24 06:40:00.188615-07,CAM_01,1,0,0,0,"{""fps"": 26.614642327182345}"
803,2026-03-24 06:40:10.220465-07,CAM_01,1,0,0,0,"{""fps"": 24.647410094010656}"
804,2026-03-24 06:40:20.252407-07,CAM_01,0,0,0,0,"{""fps"": 26.495999730468753}"
805,2026-03-24 06:40:30.284155-07,CAM_01,1,0,0,0,"{""fps"": 24.976144061488583}"
806,2026-03-24 06:40:40.315529-07,CAM_01,1,0,0,0,"{""fps"": 26.521819816081123}"
807,2026-03-24 06:40:50.34664-07,CAM_01,1,0,0,0,"{""fps"": 24.601691469521334}"
808,2026-03-24 06:41:00.37702-07,CAM_01,1,0,0,0,"{""fps"": 25.007863221288467}"
809,2026-03-24 06:41:10.407046-07,CAM_01,0,0,0,0,"{""fps"": 26.59975158640828}"
810,2026-03-24 06:41:20.44418-07,CAM_01,1,0,0,0,"{""fps"": 23.801740312268798}"
811,2026-03-24 06:41:30.546006-07,CAM_01,1,0,0,0,"{""fps"": 23.158390983937124}"
812,2026-03-24 06:41:40.575403-07,CAM_01,0,0,0,0,"{""fps"": 25.83263586829068}"
813,2026-03-24 06:41:52.11251-07,CAM_01,0,0,0,0,"{""fps"": 22.559629650589848}"
814,2026-03-24 06:42:06.401014-07,CAM_01,1,0,0,0,"{""fps"": 3.049996538642997}"
815,2026-03-24 06:42:24.898144-07,CAM_01,0,0,0,0,"{""fps"": 0.5708507884367405}"
816,2026-03-24 06:43:02.257348-07,CAM_01,0,0,0,0,"{""fps"": 0.20657432687540117}"
817,2026-03-24 06:43:33.680809-07,CAM_01,0,0,0,0,"{""fps"": 0.018101180743688564}"
818,2026-03-24 06:43:42.787605-07,CAM_01,0,0,0,0,"{""fps"": 24.90526511635272}"
819,2026-03-24 07:26:07.170696-07,CAM_01,0,0,0,0,"{""fps"": 0.7907781662252091}"
820,2026-03-24 07:26:19.762953-07,CAM_01,1,0,0,0,"{""fps"": 0.7907781662252091}"
821,2026-03-24 07:26:37.765379-07,CAM_01,1,0,0,0,"{""fps"": 0.3162330015169451}"
822,2026-03-24 07:26:47.838113-07,CAM_01,1,0,0,0,"{""fps"": 25.50427156932609}"
823,2026-03-24 07:26:57.854421-07,CAM_01,1,0,0,0,"{""fps"": 25.293738326059238}"
824,2026-03-24 07:27:07.865504-07,CAM_01,1,0,0,0,"{""fps"": 24.43329808606888}"
825,2026-03-24 07:27:17.89199-07,CAM_01,1,0,0,0,"{""fps"": 24.85968526255341}"
826,2026-03-24 07:27:27.923718-07,CAM_01,1,0,0,0,"{""fps"": 26.76821706122646}"
827,2026-03-24 07:27:37.943367-07,CAM_01,1,0,0,0,"{""fps"": 21.979588866559208}"
828,2026-03-24 07:27:47.960269-07,CAM_01,1,0,0,0,"{""fps"": 25.7420154524933}"
829,2026-03-24 07:27:57.97168-07,CAM_01,1,0,0,0,"{""fps"": 25.60877103293482}"
830,2026-03-24 07:28:08.014029-07,CAM_01,1,0,0,0,"{""fps"": 24.472113964337485}"
831,2026-03-24 07:37:31.944468-07,CAM_01,0,0,0,0,"{""fps"": 0.6890659856896921}"
832,2026-03-24 07:37:41.962409-07,CAM_01,1,0,0,0,"{""fps"": 0.6014520127273738}"
833,2026-03-24 07:37:51.986159-07,CAM_01,1,0,0,0,"{""fps"": 30.005934104531534}"
834,2026-03-24 07:38:01.986796-07,CAM_01,0,0,0,0,"{""fps"": 30.017426363203604}"
835,2026-03-24 07:38:11.99499-07,CAM_01,1,0,0,0,"{""fps"": 25.69903549586372}"
836,2026-03-24 07:38:22.001447-07,CAM_01,1,0,0,0,"{""fps"": 28.798500633693457}"
837,2026-03-24 07:38:32.006118-07,CAM_01,1,0,0,0,"{""fps"": 27.82911613321046}"
838,2026-03-24 07:38:42.014143-07,CAM_01,1,0,0,0,"{""fps"": 29.48331321371533}"
839,2026-03-24 07:38:52.020663-07,CAM_01,1,0,0,0,"{""fps"": 29.949209992723883}"
840,2026-03-24 07:39:02.024307-07,CAM_01,1,0,0,0,"{""fps"": 29.077571544775566}"
841,2026-03-24 07:39:12.059113-07,CAM_01,1,0,0,0,"{""fps"": 30.112485537031223}"
842,2026-03-24 07:39:22.081563-07,CAM_01,1,0,0,0,"{""fps"": 29.886618643794048}"
843,2026-03-24 07:39:32.097043-07,CAM_01,1,0,0,0,"{""fps"": 24.647479616472115}"
844,2026-03-24 07:39:42.117216-07,CAM_01,1,0,0,0,"{""fps"": 25.030752284346217}"
845,2026-03-24 07:39:53.361323-07,CAM_01,1,0,0,0,"{""fps"": 24.343758640711467}"
846,2026-03-24 07:40:02.241156-07,CAM_01,0,0,0,0,"{""fps"": 12.871247751554437}"
847,2026-03-24 07:40:12.231348-07,CAM_01,1,0,0,0,"{""fps"": 15.841861038253159}"
848,2026-03-24 07:40:22.245851-07,CAM_01,0,0,0,0,"{""fps"": 22.984831330031984}"
849,2026-03-24 07:40:32.266754-07,CAM_01,1,0,0,0,"{""fps"": 14.625963050209377}"
850,2026-03-24 07:40:42.255834-07,CAM_01,1,0,0,0,"{""fps"": 24.72471791527902}"
851,2026-03-24 07:40:53.817072-07,CAM_01,1,0,0,0,"{""fps"": 23.01567122460808}"
852,2026-03-24 07:41:02.433886-07,CAM_01,1,0,0,0,"{""fps"": 18.82868396409791}"
853,2026-03-24 07:41:12.34609-07,CAM_01,1,0,0,0,"{""fps"": 15.726257934459927}"
854,2026-03-24 07:41:22.344383-07,CAM_01,1,0,0,0,"{""fps"": 13.540364730455218}"
855,2026-03-24 07:41:32.365237-07,CAM_01,1,0,0,0,"{""fps"": 12.035712054727817}"
856,2026-03-24 07:41:42.716214-07,CAM_01,0,0,0,0,"{""fps"": 10.53153627985277}"
857,2026-03-24 07:41:52.494914-07,CAM_01,0,0,0,0,"{""fps"": 14.756764126141134}"
858,2026-03-24 07:42:02.59432-07,CAM_01,1,0,0,0,"{""fps"": 13.204028560333175}"
859,2026-03-24 07:42:12.652432-07,CAM_01,1,0,0,0,"{""fps"": 15.662796296412994}"
860,2026-03-24 07:42:22.636693-07,CAM_01,1,0,0,0,"{""fps"": 15.025767466770796}"
861,2026-03-24 07:42:32.679523-07,CAM_01,1,0,0,0,"{""fps"": 15.59616519804746}"
862,2026-03-24 07:42:42.749183-07,CAM_01,1,0,0,0,"{""fps"": 15.247710532617837}"
863,2026-03-24 07:42:52.756872-07,CAM_01,1,0,0,0,"{""fps"": 15.086732532950377}"
864,2026-03-24 07:43:02.767796-07,CAM_01,1,0,0,0,"{""fps"": 12.52632480945501}"
865,2026-03-24 07:43:12.76453-07,CAM_01,1,0,0,0,"{""fps"": 17.40283235393982}"
866,2026-03-24 07:43:22.788529-07,CAM_01,1,0,0,0,"{""fps"": 26.88032402734347}"
867,2026-03-24 07:43:32.792567-07,CAM_01,1,0,0,0,"{""fps"": 17.53402341509184}"
868,2026-03-24 07:43:42.789792-07,CAM_01,1,0,0,0,"{""fps"": 10.949415487313823}"
869,2026-03-24 07:43:52.906404-07,CAM_01,1,0,0,0,"{""fps"": 14.5247187439326}"
870,2026-03-24 07:44:02.977688-07,CAM_01,1,0,0,0,"{""fps"": 15.022868008293498}"
871,2026-03-24 07:44:12.988414-07,CAM_01,1,0,0,0,"{""fps"": 13.983267302848578}"
872,2026-03-24 07:44:22.987532-07,CAM_01,1,0,0,0,"{""fps"": 28.66904485633401}"
873,2026-03-24 07:44:32.982681-07,CAM_01,1,0,0,0,"{""fps"": 27.491541659195324}"
874,2026-03-24 07:44:43.065627-07,CAM_01,1,0,0,0,"{""fps"": 16.465727061178427}"
875,2026-03-24 07:44:53.068228-07,CAM_01,1,0,0,0,"{""fps"": 18.43032283683272}"
876,2026-03-24 07:45:03.102343-07,CAM_01,1,0,0,0,"{""fps"": 11.994432172908628}"
877,2026-03-24 07:45:13.124332-07,CAM_01,1,0,0,0,"{""fps"": 15.903855760890687}"
878,2026-03-24 07:45:23.154123-07,CAM_01,1,0,0,0,"{""fps"": 14.928254187604491}"
879,2026-03-24 07:45:33.18933-07,CAM_01,1,0,0,0,"{""fps"": 27.46065197671389}"
880,2026-03-24 07:45:43.218019-07,CAM_01,0,0,0,0,"{""fps"": 29.883807864509958}"
881,2026-03-24 07:45:53.218686-07,CAM_01,0,0,0,0,"{""fps"": 27.370478932350885}"
882,2026-03-24 07:46:03.251451-07,CAM_01,0,0,0,0,"{""fps"": 29.685788021277283}"
883,2026-03-24 07:46:13.280444-07,CAM_01,0,0,0,0,"{""fps"": 28.782922225295835}"
884,2026-03-24 07:46:23.345846-07,CAM_01,0,0,0,0,"{""fps"": 28.785503831683293}"
885,2026-03-24 07:46:33.354116-07,CAM_01,0,0,0,0,"{""fps"": 28.052025302326268}"
886,2026-03-24 07:46:43.364578-07,CAM_01,0,0,0,0,"{""fps"": 30.23003328889544}"
887,2026-03-24 07:46:53.385384-07,CAM_01,0,0,0,0,"{""fps"": 29.702458737772407}"
888,2026-03-24 07:47:03.398977-07,CAM_01,0,0,0,0,"{""fps"": 29.00270160568174}"
889,2026-03-24 07:47:13.408967-07,CAM_01,0,0,0,0,"{""fps"": 28.099695796971275}"
890,2026-03-24 07:47:23.467328-07,CAM_01,0,0,0,0,"{""fps"": 27.982804703262424}"
891,2026-03-24 07:47:33.488587-07,CAM_01,0,0,0,0,"{""fps"": 29.964187033272314}"
892,2026-03-24 07:47:43.488828-07,CAM_01,1,0,0,0,"{""fps"": 28.785340338916626}"
893,2026-03-24 07:47:53.504818-07,CAM_01,1,0,0,0,"{""fps"": 28.426785661034135}"
894,2026-03-24 07:48:03.589326-07,CAM_01,1,0,0,0,"{""fps"": 16.460857681084477}"
895,2026-03-24 07:48:13.622042-07,CAM_01,1,0,0,0,"{""fps"": 16.707697128658445}"
896,2026-03-24 07:48:23.659829-07,CAM_01,1,0,0,0,"{""fps"": 16.726995655396973}"
897,2026-03-24 07:48:33.684402-07,CAM_01,1,0,0,0,"{""fps"": 11.847398824337757}"
898,2026-03-24 07:48:43.691784-07,CAM_01,1,0,0,0,"{""fps"": 29.074944468847676}"
899,2026-03-24 07:48:53.740616-07,CAM_01,1,0,0,0,"{""fps"": 26.07987733641497}"
900,2026-03-24 07:49:03.793624-07,CAM_01,1,0,0,0,"{""fps"": 27.50865778760523}"
901,2026-03-24 07:49:13.805963-07,CAM_01,1,0,0,0,"{""fps"": 28.34440242937075}"
902,2026-03-24 07:49:23.815724-07,CAM_01,1,0,0,0,"{""fps"": 29.09739405033563}"
903,2026-03-24 07:49:33.828423-07,CAM_01,1,0,0,0,"{""fps"": 30.488900873818622}"
904,2026-03-24 07:49:43.871057-07,CAM_01,1,0,0,0,"{""fps"": 28.983153122112345}"
905,2026-03-24 07:49:53.911442-07,CAM_01,1,0,0,0,"{""fps"": 30.035107949831}"
906,2026-03-24 07:50:03.906703-07,CAM_01,1,0,0,0,"{""fps"": 29.136047514573335}"
907,2026-03-24 07:50:13.911242-07,CAM_01,1,0,0,0,"{""fps"": 25.703705676613193}"
908,2026-03-24 07:50:23.920577-07,CAM_01,1,0,0,0,"{""fps"": 25.37933448424647}"
909,2026-03-24 07:50:34.018617-07,CAM_01,1,0,0,0,"{""fps"": 27.530589553846518}"
910,2026-03-24 07:50:44.002385-07,CAM_01,0,0,0,0,"{""fps"": 15.911833169275415}"
911,2026-03-24 07:50:54.020653-07,CAM_01,0,0,0,0,"{""fps"": 14.462907778577}"
912,2026-03-24 07:51:04.046369-07,CAM_01,0,0,0,0,"{""fps"": 15.627176891412917}"
913,2026-03-24 07:51:14.063575-07,CAM_01,1,0,0,0,"{""fps"": 13.460480526973681}"
914,2026-03-24 07:51:24.066046-07,CAM_01,1,0,0,0,"{""fps"": 28.746332346721445}"
915,2026-03-24 07:51:34.122124-07,CAM_01,1,0,0,0,"{""fps"": 16.17670254498364}"
916,2026-03-24 07:51:44.174529-07,CAM_01,1,0,0,0,"{""fps"": 16.712039047713915}"
917,2026-03-24 07:51:54.174061-07,CAM_01,1,0,0,0,"{""fps"": 14.577853325124664}"
918,2026-03-24 07:52:04.224294-07,CAM_01,1,0,0,0,"{""fps"": 16.986380291719186}"
919,2026-03-24 07:52:14.218038-07,CAM_01,0,0,0,0,"{""fps"": 20.58671508232079}"
920,2026-03-24 07:52:24.255371-07,CAM_01,0,0,0,0,"{""fps"": 17.252854186105342}"
921,2026-03-24 07:52:34.263711-07,CAM_01,0,0,0,0,"{""fps"": 16.81774478637696}"
922,2026-03-24 07:52:44.325202-07,CAM_01,1,0,0,0,"{""fps"": 15.088303028436233}"
923,2026-03-24 07:52:54.384429-07,CAM_01,1,0,0,0,"{""fps"": 17.1586372540352}"
924,2026-03-24 07:53:04.459592-07,CAM_01,0,0,0,0,"{""fps"": 15.243866006171247}"
925,2026-03-24 07:53:14.463043-07,CAM_01,0,0,0,0,"{""fps"": 17.338426178547216}"
926,2026-03-24 07:53:24.514589-07,CAM_01,0,0,0,0,"{""fps"": 15.230536028169366}"
927,2026-03-24 07:53:34.558619-07,CAM_01,0,0,0,0,"{""fps"": 14.57635372909594}"
928,2026-03-24 07:53:44.552364-07,CAM_01,1,0,0,0,"{""fps"": 14.342299033156099}"
929,2026-03-24 07:53:54.571481-07,CAM_01,0,0,0,0,"{""fps"": 15.482796178953793}"
930,2026-03-24 07:54:04.673501-07,CAM_01,1,0,0,0,"{""fps"": 14.933250732878763}"
931,2026-03-24 07:54:14.690183-07,CAM_01,0,0,0,0,"{""fps"": 16.651289156522402}"
932,2026-03-24 07:54:24.747459-07,CAM_01,0,0,0,0,"{""fps"": 13.842665776515473}"
933,2026-03-24 07:54:34.756925-07,CAM_01,1,0,0,0,"{""fps"": 14.477391616699776}"
934,2026-03-24 07:54:44.76849-07,CAM_01,0,0,0,0,"{""fps"": 15.936403834222276}"
935,2026-03-24 07:54:54.802831-07,CAM_01,1,0,0,0,"{""fps"": 14.446545227428766}"
936,2026-03-24 07:55:04.808053-07,CAM_01,1,0,0,0,"{""fps"": 15.748056861984049}"
937,2026-03-24 07:55:14.831958-07,CAM_01,1,0,0,0,"{""fps"": 15.123758602448625}"
938,2026-03-24 07:55:24.849697-07,CAM_01,1,0,0,0,"{""fps"": 16.555604624218404}"
939,2026-03-24 07:55:34.850962-07,CAM_01,0,0,0,0,"{""fps"": 27.623344729324625}"
940,2026-03-24 07:55:44.910475-07,CAM_01,1,0,0,0,"{""fps"": 28.9301250857874}"
941,2026-03-24 07:55:54.916315-07,CAM_01,1,0,0,0,"{""fps"": 27.82733596351453}"
942,2026-03-24 07:56:04.941684-07,CAM_01,1,0,0,0,"{""fps"": 29.058004181721525}"
943,2026-03-24 07:56:14.971876-07,CAM_01,1,0,0,0,"{""fps"": 30.72476444849413}"
944,2026-03-24 07:56:24.972058-07,CAM_01,1,0,0,0,"{""fps"": 29.166174881450015}"
945,2026-03-24 07:56:34.975249-07,CAM_01,1,0,0,0,"{""fps"": 28.656805986992687}"
946,2026-03-24 07:56:45.005973-07,CAM_01,1,0,0,0,"{""fps"": 27.55328031352043}"
947,2026-03-24 07:56:55.065293-07,CAM_01,1,0,0,0,"{""fps"": 28.91970777581944}"
948,2026-03-24 07:57:05.06579-07,CAM_01,1,0,0,0,"{""fps"": 30.418016573896733}"
949,2026-03-24 07:57:15.096739-07,CAM_01,1,0,0,0,"{""fps"": 29.049652096643232}"
950,2026-03-24 07:57:25.16368-07,CAM_01,1,0,0,0,"{""fps"": 15.43221015020157}"
951,2026-03-24 07:57:35.191978-07,CAM_01,1,0,0,0,"{""fps"": 16.342288112052234}"
952,2026-03-24 07:57:45.279365-07,CAM_01,1,0,0,0,"{""fps"": 16.489324041753832}"
953,2026-03-24 07:57:55.332106-07,CAM_01,1,0,0,0,"{""fps"": 14.7791116356338}"
954,2026-03-24 07:58:05.353598-07,CAM_01,0,0,0,0,"{""fps"": 16.851871774534338}"
955,2026-03-24 07:58:15.399272-07,CAM_01,0,0,0,0,"{""fps"": 18.72812255519315}"
956,2026-03-24 07:58:25.424931-07,CAM_01,0,0,0,0,"{""fps"": 15.431425914564882}"
957,2026-03-24 07:58:35.512369-07,CAM_01,0,0,0,0,"{""fps"": 16.93154515278484}"
958,2026-03-24 07:58:45.506513-07,CAM_01,0,0,0,0,"{""fps"": 16.58080948426672}"
959,2026-03-24 07:58:55.677707-07,CAM_01,1,0,0,0,"{""fps"": 14.348667650239001}"
960,2026-03-24 07:59:05.677422-07,CAM_01,1,0,0,0,"{""fps"": 16.7020958676447}"
961,2026-03-24 07:59:15.713687-07,CAM_01,1,0,0,0,"{""fps"": 18.396341958883973}"
962,2026-03-24 07:59:25.761479-07,CAM_01,0,0,0,0,"{""fps"": 16.88753331468603}"
963,2026-03-24 07:59:35.770863-07,CAM_01,0,0,0,0,"{""fps"": 15.44053647741815}"
964,2026-03-24 07:59:45.788002-07,CAM_01,0,0,0,0,"{""fps"": 15.69228812225796}"
965,2026-03-24 07:59:55.814487-07,CAM_01,1,0,0,0,"{""fps"": 15.981767473849684}"
966,2026-03-24 08:00:05.842182-07,CAM_01,1,0,0,0,"{""fps"": 19.43422427433909}"
967,2026-03-24 08:00:15.864066-07,CAM_01,1,0,0,0,"{""fps"": 14.663152985661636}"
968,2026-03-24 08:00:25.88202-07,CAM_01,1,0,0,0,"{""fps"": 16.864175182429577}"
969,2026-03-24 08:00:35.899031-07,CAM_01,0,0,0,0,"{""fps"": 15.34202340732653}"
970,2026-03-24 08:00:45.901308-07,CAM_01,0,0,0,0,"{""fps"": 17.14000126681337}"
971,2026-03-24 08:00:55.910716-07,CAM_01,0,0,0,0,"{""fps"": 14.959821132408004}"
972,2026-03-24 08:01:05.950905-07,CAM_01,0,0,0,0,"{""fps"": 12.919929350960524}"
973,2026-03-24 08:01:15.982206-07,CAM_01,0,0,0,0,"{""fps"": 15.89797077718253}"
974,2026-03-24 08:01:25.982691-07,CAM_01,0,0,0,0,"{""fps"": 29.127677482617717}"
975,2026-03-24 08:01:36.003602-07,CAM_01,0,0,0,0,"{""fps"": 28.582677272671518}"
976,2026-03-24 08:01:46.010659-07,CAM_01,1,0,0,0,"{""fps"": 28.80311060330691}"
977,2026-03-24 08:01:56.013548-07,CAM_01,1,0,0,0,"{""fps"": 29.07274776471219}"
978,2026-03-24 08:02:06.018113-07,CAM_01,1,0,0,0,"{""fps"": 30.418308335548012}"
979,2026-03-24 08:02:16.034935-07,CAM_01,1,0,0,0,"{""fps"": 28.27379870343627}"
980,2026-03-24 08:02:26.063924-07,CAM_01,1,0,0,0,"{""fps"": 29.147203790020065}"
981,2026-03-24 08:02:36.067621-07,CAM_01,1,0,0,0,"{""fps"": 21.95140798646585}"
982,2026-03-24 08:02:46.179392-07,CAM_01,1,0,0,0,"{""fps"": 27.42013942557113}"
983,2026-03-24 08:02:56.171685-07,CAM_01,1,0,0,0,"{""fps"": 24.66942194452476}"
984,2026-03-24 08:03:06.188322-07,CAM_01,1,0,0,0,"{""fps"": 29.08001763810274}"
985,2026-03-24 08:03:16.19633-07,CAM_01,1,0,0,0,"{""fps"": 28.252195549759733}"
986,2026-03-24 08:03:26.196403-07,CAM_01,1,0,0,0,"{""fps"": 30.0264795076175}"
987,2026-03-24 08:03:36.22725-07,CAM_01,1,0,0,0,"{""fps"": 30.058236357117213}"
988,2026-03-24 08:03:46.259703-07,CAM_01,2,0,0,0,"{""fps"": 30.140294950787446}"
989,2026-03-24 08:03:56.287478-07,CAM_01,1,0,0,0,"{""fps"": 29.983050867651176}"
990,2026-03-24 08:04:06.347731-07,CAM_01,1,0,0,0,"{""fps"": 29.795234537913334}"
991,2026-03-24 08:04:16.376488-07,CAM_01,0,0,0,0,"{""fps"": 30.028948233876896}"
992,2026-03-24 08:04:26.385825-07,CAM_01,1,0,0,0,"{""fps"": 29.96744830739772}"
993,2026-03-24 08:04:36.418243-07,CAM_01,1,0,0,0,"{""fps"": 29.999642376394554}"
994,2026-03-24 08:04:46.421028-07,CAM_01,1,0,0,0,"{""fps"": 29.44868494541877}"
995,2026-03-24 08:04:56.448225-07,CAM_01,1,0,0,0,"{""fps"": 29.50064050234624}"
996,2026-03-24 08:05:06.457128-07,CAM_01,0,0,0,0,"{""fps"": 29.641264879514008}"
997,2026-03-24 08:05:16.467992-07,CAM_01,1,0,0,0,"{""fps"": 29.56297290814279}"
998,2026-03-24 08:05:26.47953-07,CAM_01,1,0,0,0,"{""fps"": 29.955890755342246}"
999,2026-03-24 08:05:36.502582-07,CAM_01,0,0,0,0,"{""fps"": 30.004777746188694}"
1000,2026-03-24 08:05:46.539298-07,CAM_01,0,0,0,0,"{""fps"": 30.091508919136466}"
1001,2026-03-24 08:05:56.603584-07,CAM_01,0,0,0,0,"{""fps"": 29.942824344593085}"
1002,2026-03-24 08:06:06.625296-07,CAM_01,0,0,0,0,"{""fps"": 30.07507560784078}"
1003,2026-03-24 08:06:16.632987-07,CAM_01,0,0,0,0,"{""fps"": 29.847011352285673}"
1004,2026-03-24 08:06:26.633157-07,CAM_01,0,0,0,0,"{""fps"": 29.939703779738558}"
1005,2026-03-24 08:06:36.688423-07,CAM_01,0,0,0,0,"{""fps"": 29.902520855033192}"
1006,2026-03-24 08:06:46.711107-07,CAM_01,0,0,0,0,"{""fps"": 30.233857214940276}"
1007,2026-03-24 08:06:56.721089-07,CAM_01,0,0,0,0,"{""fps"": 29.855552025496152}"
1008,2026-03-24 08:07:06.751891-07,CAM_01,0,0,0,0,"{""fps"": 30.4147577631964}"
1009,2026-03-24 08:07:16.781764-07,CAM_01,0,0,0,0,"{""fps"": 30.018112436364408}"
1010,2026-03-24 08:07:26.805878-07,CAM_01,0,0,0,0,"{""fps"": 29.870222790263423}"
1011,2026-03-24 08:07:36.831132-07,CAM_01,0,0,0,0,"{""fps"": 30.11842841629697}"
1012,2026-03-24 08:07:46.850068-07,CAM_01,0,0,0,0,"{""fps"": 30.123752493160243}"
1013,2026-03-24 08:07:56.880796-07,CAM_01,0,0,0,0,"{""fps"": 30.24930334445842}"
1014,2026-03-24 08:08:06.911498-07,CAM_01,0,0,0,0,"{""fps"": 29.989811067397348}"
1015,2026-03-24 08:08:16.969756-07,CAM_01,0,0,0,0,"{""fps"": 29.99586639147418}"
1016,2026-03-24 08:08:26.998817-07,CAM_01,0,0,0,0,"{""fps"": 30.236817204161046}"
1017,2026-03-24 08:08:36.992285-07,CAM_01,0,0,0,0,"{""fps"": 29.466664249324655}"
1018,2026-03-24 08:08:47.012444-07,CAM_01,0,0,0,0,"{""fps"": 29.49691948837055}"
1019,2026-03-24 08:08:57.039763-07,CAM_01,0,0,0,0,"{""fps"": 30.291106595701955}"
1020,2026-03-24 08:09:07.06736-07,CAM_01,0,0,0,0,"{""fps"": 29.96460089744405}"
1021,2026-03-24 08:09:17.098268-07,CAM_01,0,0,0,0,"{""fps"": 30.06303869618356}"
1022,2026-03-24 08:09:27.100381-07,CAM_01,0,0,0,0,"{""fps"": 30.30163902334437}"
1023,2026-03-24 08:09:37.156538-07,CAM_01,0,0,0,0,"{""fps"": 30.00878729795319}"
1024,2026-03-24 08:09:47.187904-07,CAM_01,0,0,0,0,"{""fps"": 30.252203010622193}"
1025,2026-03-24 08:09:57.220083-07,CAM_01,0,0,0,0,"{""fps"": 29.928366929149217}"
1026,2026-03-24 08:10:07.225956-07,CAM_01,0,0,0,0,"{""fps"": 29.91229500675367}"
1027,2026-03-24 08:10:17.286592-07,CAM_01,0,0,0,0,"{""fps"": 30.12907845264539}"
1028,2026-03-24 08:10:27.316259-07,CAM_01,0,0,0,0,"{""fps"": 30.466275925058966}"
1029,2026-03-24 08:10:37.346694-07,CAM_01,0,0,0,0,"{""fps"": 29.811491873865446}"
1030,2026-03-24 08:10:47.380021-07,CAM_01,0,0,0,0,"{""fps"": 30.036537254073952}"
1031,2026-03-24 08:10:57.419622-07,CAM_01,0,0,0,0,"{""fps"": 30.100565001571894}"
1032,2026-03-24 08:11:07.457341-07,CAM_01,0,0,0,0,"{""fps"": 29.91688928747709}"
1033,2026-03-24 08:11:17.47598-07,CAM_01,0,0,0,0,"{""fps"": 30.088807082647392}"
1034,2026-03-24 08:11:27.504995-07,CAM_01,0,0,0,0,"{""fps"": 29.98233643690691}"
1035,2026-03-24 08:11:37.532903-07,CAM_01,0,0,0,0,"{""fps"": 29.736186684910724}"
1036,2026-03-24 08:11:47.530457-07,CAM_01,0,0,0,0,"{""fps"": 29.815172126185193}"
1037,2026-03-24 08:11:57.549676-07,CAM_01,0,0,0,0,"{""fps"": 29.99240590689823}"
1038,2026-03-24 08:12:07.554295-07,CAM_01,0,0,0,0,"{""fps"": 29.517530708592776}"
1039,2026-03-24 08:12:17.570815-07,CAM_01,0,0,0,0,"{""fps"": 29.921371137457594}"
1040,2026-03-24 08:12:27.599264-07,CAM_01,0,0,0,0,"{""fps"": 29.909415411003593}"
1041,2026-03-24 08:12:37.602925-07,CAM_01,0,0,0,0,"{""fps"": 29.945589223986627}"
1042,2026-03-24 08:12:47.628344-07,CAM_01,0,0,0,0,"{""fps"": 29.930132406617833}"
1043,2026-03-24 08:12:57.630029-07,CAM_01,0,0,0,0,"{""fps"": 30.25722243592384}"
1044,2026-03-24 08:13:07.632523-07,CAM_01,0,0,0,0,"{""fps"": 30.079062220517535}"
1045,2026-03-24 08:13:17.658802-07,CAM_01,0,0,0,0,"{""fps"": 29.97370166251229}"
1046,2026-03-24 08:13:27.66201-07,CAM_01,0,0,0,0,"{""fps"": 29.98268650371742}"
1047,2026-03-24 08:13:37.686263-07,CAM_01,0,0,0,0,"{""fps"": 30.081650953763578}"
1048,2026-03-24 08:13:47.745297-07,CAM_01,0,0,0,0,"{""fps"": 30.424956324653486}"
1049,2026-03-24 08:13:57.76945-07,CAM_01,0,0,0,0,"{""fps"": 29.835956811895578}"
1050,2026-03-24 08:14:07.76833-07,CAM_01,0,0,0,0,"{""fps"": 30.16136065398463}"
1051,2026-03-24 08:14:17.78702-07,CAM_01,0,0,0,0,"{""fps"": 30.13586602060829}"
1052,2026-03-24 08:14:27.791403-07,CAM_01,0,0,0,0,"{""fps"": 30.317755379324545}"
1053,2026-03-24 08:14:37.811726-07,CAM_01,0,0,0,0,"{""fps"": 30.30175201132429}"
1054,2026-03-24 08:14:47.815551-07,CAM_01,0,0,0,0,"{""fps"": 29.897533168958716}"
1055,2026-03-24 08:14:57.842469-07,CAM_01,0,0,0,0,"{""fps"": 29.407490185887447}"
1056,2026-03-24 08:15:07.871217-07,CAM_01,0,0,0,0,"{""fps"": 30.074192156120777}"
1057,2026-03-24 08:15:17.928039-07,CAM_01,0,0,0,0,"{""fps"": 30.328398314604645}"
1058,2026-03-24 08:15:27.932957-07,CAM_01,0,0,0,0,"{""fps"": 30.460137908027892}"
1059,2026-03-24 08:15:37.961995-07,CAM_01,0,0,0,0,"{""fps"": 30.160933874091043}"
1060,2026-03-24 08:15:47.98397-07,CAM_01,0,0,0,0,"{""fps"": 30.12343146010928}"
1061,2026-03-24 08:15:57.98451-07,CAM_01,0,0,0,0,"{""fps"": 29.8410796650699}"
1062,2026-03-24 08:16:08.007971-07,CAM_01,0,0,0,0,"{""fps"": 29.893868067409564}"
1063,2026-03-24 08:16:18.026095-07,CAM_01,0,0,0,0,"{""fps"": 30.196481907553636}"
1064,2026-03-24 08:16:28.057879-07,CAM_01,0,0,0,0,"{""fps"": 30.455500349940927}"
1065,2026-03-24 08:16:38.087216-07,CAM_01,0,0,0,0,"{""fps"": 29.543976352716978}"
1066,2026-03-24 08:16:48.145562-07,CAM_01,0,0,0,0,"{""fps"": 29.959171622992272}"
1067,2026-03-24 08:16:58.169044-07,CAM_01,0,0,0,0,"{""fps"": 29.93001137933528}"
1068,2026-03-24 08:17:08.174732-07,CAM_01,0,0,0,0,"{""fps"": 29.49311244401004}"
1069,2026-03-24 08:17:18.19846-07,CAM_01,0,0,0,0,"{""fps"": 29.960648247910086}"
1070,2026-03-24 08:17:28.215526-07,CAM_01,0,0,0,0,"{""fps"": 30.20713810120542}"
1071,2026-03-24 08:17:38.244446-07,CAM_01,0,0,0,0,"{""fps"": 29.57855513404861}"
1072,2026-03-24 08:17:48.275588-07,CAM_01,0,0,0,0,"{""fps"": 30.071722940382912}"
1073,2026-03-24 08:17:58.339966-07,CAM_01,0,0,0,0,"{""fps"": 30.067731319682423}"
1074,2026-03-24 08:18:08.367176-07,CAM_01,0,0,0,0,"{""fps"": 30.245693614679265}"
1075,2026-03-24 08:18:18.392251-07,CAM_01,0,0,0,0,"{""fps"": 30.20845047647569}"
1076,2026-03-24 08:18:28.390163-07,CAM_01,0,0,0,0,"{""fps"": 30.247002306034748}"
1077,2026-03-24 08:18:38.410896-07,CAM_01,0,0,0,0,"{""fps"": 30.339034566501798}"
1078,2026-03-24 08:18:48.419135-07,CAM_01,0,0,0,0,"{""fps"": 29.94042330434369}"
1079,2026-03-24 08:18:58.438127-07,CAM_01,0,0,0,0,"{""fps"": 29.847995475920282}"
1080,2026-03-24 08:19:08.4712-07,CAM_01,0,0,0,0,"{""fps"": 29.9725664418768}"
1081,2026-03-24 08:19:18.477202-07,CAM_01,0,0,0,0,"{""fps"": 30.063629538530122}"
1082,2026-03-24 08:19:28.495952-07,CAM_01,0,0,0,0,"{""fps"": 29.98001477210455}"
1083,2026-03-24 08:19:38.522888-07,CAM_01,0,0,0,0,"{""fps"": 30.16103182250693}"
1084,2026-03-24 08:19:48.529563-07,CAM_01,0,0,0,0,"{""fps"": 30.09915746801499}"
1085,2026-03-24 08:19:58.581465-07,CAM_01,0,0,0,0,"{""fps"": 30.149904755058763}"
1086,2026-03-24 08:20:08.611943-07,CAM_01,0,0,0,0,"{""fps"": 29.932453472110385}"
1087,2026-03-24 08:20:18.625868-07,CAM_01,0,0,0,0,"{""fps"": 29.983708174007283}"
1088,2026-03-24 08:20:28.630095-07,CAM_01,0,0,0,0,"{""fps"": 30.01375397956847}"
1089,2026-03-24 08:20:38.648876-07,CAM_01,0,0,0,0,"{""fps"": 30.126732843947078}"
1090,2026-03-24 08:20:48.654152-07,CAM_01,0,0,0,0,"{""fps"": 29.990490114247333}"
1091,2026-03-24 08:20:58.68024-07,CAM_01,0,0,0,0,"{""fps"": 30.335990831782006}"
1092,2026-03-24 08:21:08.71159-07,CAM_01,0,0,0,0,"{""fps"": 29.887051664368652}"
1093,2026-03-24 08:21:18.765581-07,CAM_01,0,0,0,0,"{""fps"": 29.901895526803887}"
1094,2026-03-24 08:21:28.794059-07,CAM_01,0,0,0,0,"{""fps"": 30.198038828146284}"
1095,2026-03-24 08:21:38.820625-07,CAM_01,0,0,0,0,"{""fps"": 30.1559043784747}"
1096,2026-03-24 08:21:48.838018-07,CAM_01,0,0,0,0,"{""fps"": 30.311733586414025}"
1097,2026-03-24 08:21:58.834162-07,CAM_01,0,0,0,0,"{""fps"": 29.487654495977814}"
1098,2026-03-24 08:22:08.862367-07,CAM_01,0,0,0,0,"{""fps"": 30.319975282012418}"
1099,2026-03-24 08:22:18.894912-07,CAM_01,0,0,0,0,"{""fps"": 29.972802046635273}"
1100,2026-03-24 08:22:28.953997-07,CAM_01,0,0,0,0,"{""fps"": 30.29111365251775}"
1101,2026-03-24 08:22:38.974282-07,CAM_01,0,0,0,0,"{""fps"": 29.959799349132318}"
1102,2026-03-24 08:22:48.988146-07,CAM_01,0,0,0,0,"{""fps"": 29.94926701970696}"
1103,2026-03-24 08:22:58.984439-07,CAM_01,0,0,0,0,"{""fps"": 30.052859002827002}"
1104,2026-03-24 08:23:09.015091-07,CAM_01,0,0,0,0,"{""fps"": 29.977986288602615}"
1105,2026-03-24 08:23:19.019043-07,CAM_01,0,0,0,0,"{""fps"": 29.91984146629411}"
1106,2026-03-24 08:23:29.05138-07,CAM_01,0,0,0,0,"{""fps"": 30.37390407920461}"
1107,2026-03-24 08:23:39.051633-07,CAM_01,0,0,0,0,"{""fps"": 30.150841601871427}"
1108,2026-03-24 08:23:49.076599-07,CAM_01,0,0,0,0,"{""fps"": 30.170087802342632}"
1109,2026-03-24 08:23:59.13999-07,CAM_01,0,0,0,0,"{""fps"": 29.94142784703138}"
1110,2026-03-24 08:24:09.164571-07,CAM_01,0,0,0,0,"{""fps"": 30.110714287368424}"
1111,2026-03-24 08:24:19.180897-07,CAM_01,0,0,0,0,"{""fps"": 29.979450483288893}"
1112,2026-03-24 08:24:29.187505-07,CAM_01,0,0,0,0,"{""fps"": 30.202626365348312}"
1113,2026-03-24 08:24:39.202837-07,CAM_01,0,0,0,0,"{""fps"": 29.905683426768945}"
1114,2026-03-24 08:24:49.20346-07,CAM_01,0,0,0,0,"{""fps"": 30.445787460187596}"
1115,2026-03-24 08:24:59.237012-07,CAM_01,0,0,0,0,"{""fps"": 30.131536148780334}"
1116,2026-03-24 08:25:09.26536-07,CAM_01,0,0,0,0,"{""fps"": 30.29071141926487}"
1117,2026-03-24 08:25:19.324995-07,CAM_01,0,0,0,0,"{""fps"": 30.2663433251691}"
1118,2026-03-24 08:25:29.354696-07,CAM_01,0,0,0,0,"{""fps"": 30.07155602212035}"
1119,2026-03-24 08:25:39.38066-07,CAM_01,0,0,0,0,"{""fps"": 30.033068304606104}"
1120,2026-03-24 08:25:49.383121-07,CAM_01,0,0,0,0,"{""fps"": 30.270965735249405}"
1121,2026-03-24 08:25:59.411959-07,CAM_01,0,0,0,0,"{""fps"": 29.983986823443292}"
1122,2026-03-24 08:26:09.430769-07,CAM_01,0,0,0,0,"{""fps"": 30.370917190626326}"
1123,2026-03-24 08:26:19.452159-07,CAM_01,0,0,0,0,"{""fps"": 30.02030253628166}"
1124,2026-03-24 08:26:29.485883-07,CAM_01,0,0,0,0,"{""fps"": 29.88891876561204}"
1125,2026-03-24 08:26:39.524509-07,CAM_01,0,0,0,0,"{""fps"": 29.997296576951484}"
1126,2026-03-24 08:26:49.545604-07,CAM_01,0,0,0,0,"{""fps"": 29.862290282572385}"
1127,2026-03-24 08:26:59.573722-07,CAM_01,0,0,0,0,"{""fps"": 30.05640200453955}"
1128,2026-03-24 08:27:09.60516-07,CAM_01,0,0,0,0,"{""fps"": 29.79046617919151}"
1129,2026-03-24 08:27:19.611469-07,CAM_01,0,0,0,0,"{""fps"": 29.99816675006962}"
1130,2026-03-24 08:27:29.609336-07,CAM_01,0,0,0,0,"{""fps"": 30.192029439820477}"
1131,2026-03-24 08:27:39.665506-07,CAM_01,0,0,0,0,"{""fps"": 30.10326895018251}"
1132,2026-03-24 08:27:49.703091-07,CAM_01,0,0,0,0,"{""fps"": 29.944634285239687}"
1133,2026-03-24 08:27:59.729378-07,CAM_01,0,0,0,0,"{""fps"": 29.99051155833294}"
1134,2026-03-24 08:28:09.727397-07,CAM_01,0,0,0,0,"{""fps"": 29.992098275165297}"
1135,2026-03-24 08:28:19.761175-07,CAM_01,0,0,0,0,"{""fps"": 30.34296401085989}"
1136,2026-03-24 08:28:29.791301-07,CAM_01,0,0,0,0,"{""fps"": 29.9338348905396}"
1137,2026-03-24 08:28:39.81115-07,CAM_01,0,0,0,0,"{""fps"": 29.622221594445513}"
1138,2026-03-24 08:28:49.835912-07,CAM_01,0,0,0,0,"{""fps"": 30.22500882759948}"
1139,2026-03-24 08:28:59.861569-07,CAM_01,0,0,0,0,"{""fps"": 29.844331092121806}"
1140,2026-03-24 08:29:09.893158-07,CAM_01,0,0,0,0,"{""fps"": 29.981593234604055}"
1141,2026-03-24 08:29:19.921072-07,CAM_01,0,0,0,0,"{""fps"": 30.493126680337635}"
1142,2026-03-24 08:29:29.919471-07,CAM_01,0,0,0,0,"{""fps"": 29.95435042193008}"
1143,2026-03-24 08:29:39.977328-07,CAM_01,0,0,0,0,"{""fps"": 30.23870177476179}"
1144,2026-03-24 08:29:50.00946-07,CAM_01,0,0,0,0,"{""fps"": 29.993185161242803}"
1145,2026-03-24 08:30:00.016616-07,CAM_01,0,0,0,0,"{""fps"": 29.892390916241567}"
1146,2026-03-24 08:30:10.045436-07,CAM_01,0,0,0,0,"{""fps"": 29.975879527710433}"
1147,2026-03-24 08:30:20.102783-07,CAM_01,0,0,0,0,"{""fps"": 30.527039854323036}"
1148,2026-03-24 08:30:30.129663-07,CAM_01,0,0,0,0,"{""fps"": 29.89734847179833}"
1149,2026-03-24 08:30:40.135489-07,CAM_01,0,0,0,0,"{""fps"": 29.914855112948803}"
1150,2026-03-24 08:30:50.159185-07,CAM_01,0,0,0,0,"{""fps"": 29.945589223986627}"
1151,2026-03-24 08:31:00.170033-07,CAM_01,0,0,0,0,"{""fps"": 30.26053208446567}"
1152,2026-03-24 08:31:10.160446-07,CAM_01,0,0,0,0,"{""fps"": 30.13037707166957}"
1153,2026-03-24 08:31:20.192014-07,CAM_01,0,0,0,0,"{""fps"": 29.989346474111933}"
1154,2026-03-24 08:31:30.186677-07,CAM_01,0,0,0,0,"{""fps"": 30.16705687298686}"
1155,2026-03-24 08:31:40.204962-07,CAM_01,0,0,0,0,"{""fps"": 30.081038525017593}"
1156,2026-03-24 08:31:50.232663-07,CAM_01,0,0,0,0,"{""fps"": 29.983986823443292}"
1157,2026-03-24 08:32:00.227418-07,CAM_01,0,0,0,0,"{""fps"": 29.894123743008997}"
1158,2026-03-24 08:32:10.259166-07,CAM_01,0,0,0,0,"{""fps"": 29.948618350589076}"
1159,2026-03-24 08:32:20.287619-07,CAM_01,0,0,0,0,"{""fps"": 29.979914770006246}"
1160,2026-03-24 08:32:30.352084-07,CAM_01,0,0,0,0,"{""fps"": 30.03854267234339}"
1161,2026-03-24 08:32:40.376332-07,CAM_01,0,0,0,0,"{""fps"": 30.076181734740707}"
1162,2026-03-24 08:32:50.405842-07,CAM_01,0,0,0,0,"{""fps"": 29.944114083041654}"
1163,2026-03-24 08:33:00.427816-07,CAM_01,0,0,0,0,"{""fps"": 29.978236262936438}"
1164,2026-03-24 08:33:10.461476-07,CAM_01,0,0,0,0,"{""fps"": 30.36910831573605}"
1165,2026-03-24 08:33:20.485651-07,CAM_01,0,0,0,0,"{""fps"": 29.980536222426018}"
1166,2026-03-24 08:33:30.511336-07,CAM_01,0,0,0,0,"{""fps"": 30.50250486016769}"
1167,2026-03-24 08:33:40.514269-07,CAM_01,0,0,0,0,"{""fps"": 29.98375104281418}"
1168,2026-03-24 08:33:50.545032-07,CAM_01,0,0,0,0,"{""fps"": 30.399071171745554}"
1169,2026-03-24 08:34:00.604872-07,CAM_01,0,0,0,0,"{""fps"": 30.293823712855104}"
1170,2026-03-24 08:34:10.60493-07,CAM_01,0,0,0,0,"{""fps"": 29.85297167233771}"
1171,2026-03-24 08:34:20.633032-07,CAM_01,0,0,0,0,"{""fps"": 29.959207288545397}"
1172,2026-03-24 08:34:30.641165-07,CAM_01,0,0,0,0,"{""fps"": 30.23715472192527}"
1173,2026-03-24 08:34:40.664579-07,CAM_01,0,0,0,0,"{""fps"": 30.234968021817345}"
1174,2026-03-24 08:34:50.693526-07,CAM_01,0,0,0,0,"{""fps"": 30.275025601072194}"
1175,2026-03-24 08:35:00.702975-07,CAM_01,0,0,0,0,"{""fps"": 29.862772209272023}"
1176,2026-03-24 08:35:10.726214-07,CAM_01,0,0,0,0,"{""fps"": 29.961154756649336}"
1177,2026-03-24 08:35:20.78078-07,CAM_01,0,0,0,0,"{""fps"": 30.10051622345468}"
1178,2026-03-24 08:35:30.786412-07,CAM_01,0,0,0,0,"{""fps"": 30.257637862706268}"
1179,2026-03-24 08:35:40.821611-07,CAM_01,0,0,0,0,"{""fps"": 29.8739033734029}"
1180,2026-03-24 08:35:50.819522-07,CAM_01,0,0,0,0,"{""fps"": 29.700780624325855}"
1181,2026-03-24 08:36:00.821427-07,CAM_01,0,0,0,0,"{""fps"": 29.281837811446326}"
1182,2026-03-24 08:36:10.847402-07,CAM_01,0,0,0,0,"{""fps"": 30.12114953105186}"
1183,2026-03-24 08:36:20.90814-07,CAM_01,0,0,0,0,"{""fps"": 29.543117114402833}"
1184,2026-03-24 08:36:30.910062-07,CAM_01,0,0,0,0,"{""fps"": 29.977193540433046}"
1185,2026-03-24 08:36:40.943115-07,CAM_01,0,0,0,0,"{""fps"": 30.030259042849387}"
1186,2026-03-24 08:36:51.001966-07,CAM_01,0,0,0,0,"{""fps"": 28.77108274143998}"
1187,2026-03-24 08:37:01.02316-07,CAM_01,0,0,0,0,"{""fps"": 29.971295667958692}"
1188,2026-03-24 08:37:11.029624-07,CAM_01,0,0,0,0,"{""fps"": 30.31798159656974}"
1189,2026-03-24 08:37:21.046107-07,CAM_01,0,0,0,0,"{""fps"": 29.92414628902794}"
1190,2026-03-24 08:37:31.049986-07,CAM_01,0,0,0,0,"{""fps"": 29.987867019097468}"
1191,2026-03-24 08:37:41.048191-07,CAM_01,0,0,0,0,"{""fps"": 30.016580942443188}"
1192,2026-03-24 08:37:51.070884-07,CAM_01,0,0,0,0,"{""fps"": 30.059855498251757}"
1193,2026-03-24 08:38:01.07697-07,CAM_01,0,0,0,0,"{""fps"": 29.899245278176842}"
1194,2026-03-24 08:38:11.119838-07,CAM_01,0,0,0,0,"{""fps"": 29.00807727180618}"
1195,2026-03-24 08:38:21.153818-07,CAM_01,0,0,0,0,"{""fps"": 29.962117883887707}"
1196,2026-03-24 08:38:31.154705-07,CAM_01,0,0,0,0,"{""fps"": 29.927840173798174}"
1197,2026-03-24 08:38:41.180753-07,CAM_01,0,0,0,0,"{""fps"": 30.22250776055534}"
1198,2026-03-24 08:38:51.207793-07,CAM_01,0,0,0,0,"{""fps"": 30.188734758015872}"
1199,2026-03-24 08:39:01.222954-07,CAM_01,0,0,0,0,"{""fps"": 30.245215196645713}"
1200,2026-03-24 08:39:11.224737-07,CAM_01,0,0,0,0,"{""fps"": 29.73499208943955}"
1201,2026-03-24 08:39:21.251076-07,CAM_01,0,0,0,0,"{""fps"": 29.975165438676022}"
1202,2026-03-24 08:39:31.277235-07,CAM_01,0,0,0,0,"{""fps"": 29.939433076464223}"
1203,2026-03-24 08:39:41.277788-07,CAM_01,0,0,0,0,"{""fps"": 29.953402054689683}"
1204,2026-03-24 08:39:51.310278-07,CAM_01,0,0,0,0,"{""fps"": 29.933713833312083}"
1205,2026-03-24 08:40:01.365749-07,CAM_01,0,0,0,0,"{""fps"": 29.836536936221734}"
1206,2026-03-24 08:40:11.36967-07,CAM_01,0,0,0,0,"{""fps"": 29.391137546313782}"
1207,2026-03-24 08:40:21.39154-07,CAM_01,0,0,0,0,"{""fps"": 30.11691457301098}"
1208,2026-03-24 08:40:31.416086-07,CAM_01,0,0,0,0,"{""fps"": 30.102091139656643}"
1209,2026-03-24 08:40:41.442186-07,CAM_01,0,0,0,0,"{""fps"": 30.105262377979884}"
1210,2026-03-24 08:40:51.467685-07,CAM_01,0,0,0,0,"{""fps"": 29.833091894531943}"
1211,2026-03-24 08:41:01.469961-07,CAM_01,0,0,0,0,"{""fps"": 29.81943981338962}"
1212,2026-03-24 08:41:11.501924-07,CAM_01,0,0,0,0,"{""fps"": 30.264518707435094}"
1213,2026-03-24 08:41:21.531857-07,CAM_01,0,0,0,0,"{""fps"": 29.952082997104984}"
1214,2026-03-24 08:41:31.582959-07,CAM_01,0,0,0,0,"{""fps"": 29.98161489641343}"
1215,2026-03-24 08:41:41.586048-07,CAM_01,0,0,0,0,"{""fps"": 30.250485665481527}"
1216,2026-03-24 08:41:51.590525-07,CAM_01,0,0,0,0,"{""fps"": 29.850162192629902}"
1217,2026-03-24 08:42:01.619697-07,CAM_01,0,0,0,0,"{""fps"": 29.888748374076823}"
1218,2026-03-24 08:42:11.643765-07,CAM_01,0,0,0,0,"{""fps"": 29.276385260959835}"
1219,2026-03-24 08:42:21.644164-07,CAM_01,0,0,0,0,"{""fps"": 30.25945460875523}"
1220,2026-03-24 08:42:31.64858-07,CAM_01,0,0,0,0,"{""fps"": 29.95667524527601}"
1221,2026-03-24 08:42:41.707459-07,CAM_01,0,0,0,0,"{""fps"": 30.036752355323436}"
1222,2026-03-24 08:42:51.742592-07,CAM_01,0,0,0,0,"{""fps"": 29.932133058218085}"
1223,2026-03-24 08:43:01.768465-07,CAM_01,0,0,0,0,"{""fps"": 29.98471838928973}"
1224,2026-03-24 08:43:11.768818-07,CAM_01,0,0,0,0,"{""fps"": 29.913781237273835}"
1225,2026-03-24 08:43:21.786557-07,CAM_01,0,0,0,0,"{""fps"": 30.07364263359717}"
1226,2026-03-24 08:43:31.788213-07,CAM_01,0,0,0,0,"{""fps"": 29.93956842748949}"
1227,2026-03-24 08:43:41.815631-07,CAM_01,0,0,0,0,"{""fps"": 30.123005752920943}"
1228,2026-03-24 08:43:51.812754-07,CAM_01,0,0,0,0,"{""fps"": 29.965749787216208}"
1229,2026-03-24 08:44:01.834443-07,CAM_01,0,0,0,0,"{""fps"": 30.022194873594696}"
1230,2026-03-24 08:44:11.865355-07,CAM_01,0,0,0,0,"{""fps"": 29.93942595275995}"
1231,2026-03-24 08:44:21.896138-07,CAM_01,0,0,0,0,"{""fps"": 30.115003301631035}"
1232,2026-03-24 08:44:31.895001-07,CAM_01,0,0,0,0,"{""fps"": 30.165139232277753}"
1233,2026-03-24 08:44:41.956004-07,CAM_01,0,0,0,0,"{""fps"": 29.861772937398054}"
1234,2026-03-24 08:44:51.982952-07,CAM_01,0,0,0,0,"{""fps"": 29.508962640440195}"
1235,2026-03-24 08:45:02.006235-07,CAM_01,0,0,0,0,"{""fps"": 29.88891876561204}"
1236,2026-03-24 08:45:12.026293-07,CAM_01,0,0,0,0,"{""fps"": 30.26482866559176}"
1237,2026-03-24 08:45:22.029163-07,CAM_01,0,0,0,0,"{""fps"": 30.40196408070501}"
1238,2026-03-24 08:45:32.052732-07,CAM_01,0,0,0,0,"{""fps"": 30.2884887439134}"
1239,2026-03-24 08:45:42.079177-07,CAM_01,0,0,0,0,"{""fps"": 29.940551540082502}"
1240,2026-03-24 08:45:52.082369-07,CAM_01,0,0,0,0,"{""fps"": 29.934532768943424}"
1241,2026-03-24 08:46:02.109292-07,CAM_01,0,0,0,0,"{""fps"": 29.78743370101332}"
1242,2026-03-24 08:46:12.111002-07,CAM_01,0,0,0,0,"{""fps"": 29.511849369604278}"
1243,2026-03-24 08:46:22.169895-07,CAM_01,0,0,0,0,"{""fps"": 29.991741070524107}"
1244,2026-03-24 08:46:32.168298-07,CAM_01,0,0,0,0,"{""fps"": 29.8859158994042}"
1245,2026-03-24 08:46:42.197968-07,CAM_01,0,0,0,0,"{""fps"": 29.982950845297328}"
1246,2026-03-24 08:46:52.225798-07,CAM_01,0,0,0,0,"{""fps"": 29.968790131736892}"
1247,2026-03-24 08:47:02.238803-07,CAM_01,0,0,0,0,"{""fps"": 29.949145837627512}"
1248,2026-03-24 08:47:12.239356-07,CAM_01,0,0,0,0,"{""fps"": 29.425199455596093}"
1249,2026-03-24 08:47:22.243144-07,CAM_01,0,0,0,0,"{""fps"": 29.977972004480883}"
1250,2026-03-24 08:47:32.241748-07,CAM_01,0,0,0,0,"{""fps"": 29.907140566920518}"
1251,2026-03-24 08:47:42.246465-07,CAM_01,0,0,0,0,"{""fps"": 30.044574419019504}"
1252,2026-03-24 08:47:52.271059-07,CAM_01,0,0,0,0,"{""fps"": 29.52364326968577}"
1253,2026-03-24 08:48:02.275088-07,CAM_01,0,0,0,0,"{""fps"": 30.11638441503093}"
1254,2026-03-24 08:48:12.283467-07,CAM_01,0,0,0,0,"{""fps"": 30.275300527184303}"
1255,2026-03-24 08:48:22.312192-07,CAM_01,0,0,0,0,"{""fps"": 30.082653163685396}"
1256,2026-03-24 08:48:32.341387-07,CAM_01,0,0,0,0,"{""fps"": 29.56882188335382}"
1257,2026-03-24 08:48:42.3383-07,CAM_01,0,0,0,0,"{""fps"": 30.04643510122438}"
1258,2026-03-24 08:48:52.338252-07,CAM_01,0,0,0,0,"{""fps"": 29.997825780144414}"
1259,2026-03-24 08:49:02.353686-07,CAM_01,0,0,0,0,"{""fps"": 29.966270741422115}"
1260,2026-03-24 08:49:12.354455-07,CAM_01,0,0,0,0,"{""fps"": 29.86051862694286}"
1261,2026-03-24 08:49:22.366443-07,CAM_01,0,0,0,0,"{""fps"": 29.860561144215914}"
1262,2026-03-24 08:49:32.380982-07,CAM_01,0,0,0,0,"{""fps"": 30.27222023030681}"
1263,2026-03-24 08:49:42.383957-07,CAM_01,0,0,0,0,"{""fps"": 30.00909896602659}"
1264,2026-03-24 08:49:52.41047-07,CAM_01,0,0,0,0,"{""fps"": 29.94998424453949}"
1265,2026-03-24 08:50:02.434036-07,CAM_01,0,0,0,0,"{""fps"": 29.88456729062191}"
1266,2026-03-24 08:50:12.436995-07,CAM_01,1,0,0,0,"{""fps"": 30.105178732346495}"
1267,2026-03-24 08:50:22.465728-07,CAM_01,1,0,0,0,"{""fps"": 29.94015971210799}"
1268,2026-03-24 08:50:32.474064-07,CAM_01,1,0,0,0,"{""fps"": 30.03600298365481}"
1269,2026-03-24 08:50:42.470442-07,CAM_01,1,0,0,0,"{""fps"": 29.980250493975912}"
1270,2026-03-24 08:50:52.474245-07,CAM_01,1,0,0,0,"{""fps"": 29.919933953596313}"
1271,2026-03-24 08:51:02.516481-07,CAM_01,1,0,0,0,"{""fps"": 29.881551106287684}"
1272,2026-03-24 08:51:12.527774-07,CAM_01,1,0,0,0,"{""fps"": 30.47447332018636}"
1273,2026-03-24 08:51:22.559638-07,CAM_01,1,0,0,0,"{""fps"": 29.999713900433537}"
1274,2026-03-24 08:51:32.585372-07,CAM_01,1,0,0,0,"{""fps"": 29.02462462407047}"
1275,2026-03-24 08:51:42.593231-07,CAM_01,1,0,0,0,"{""fps"": 28.378976901746437}"
1276,2026-03-24 08:51:52.619276-07,CAM_01,1,0,0,0,"{""fps"": 28.43175078039296}"
1277,2026-03-24 08:52:02.639151-07,CAM_01,1,0,0,0,"{""fps"": 29.79297020208597}"
1278,2026-03-24 08:52:12.695527-07,CAM_01,1,0,0,0,"{""fps"": 23.427683185986115}"
1279,2026-03-24 08:52:22.891408-07,CAM_01,1,0,0,0,"{""fps"": 15.808897325469033}"
1280,2026-03-24 08:52:32.854031-07,CAM_01,1,0,0,0,"{""fps"": 13.527569213303403}"
1281,2026-03-24 08:52:42.888549-07,CAM_01,0,0,0,0,"{""fps"": 18.001979744440384}"
1282,2026-03-24 08:52:52.966243-07,CAM_01,1,0,0,0,"{""fps"": 14.9254823062985}"
1283,2026-03-24 08:53:03.007813-07,CAM_01,1,0,0,0,"{""fps"": 13.48490950590423}"
1284,2026-03-24 08:53:12.997347-07,CAM_01,1,0,0,0,"{""fps"": 18.921338230437247}"
1285,2026-03-24 08:53:23.012917-07,CAM_01,1,0,0,0,"{""fps"": 13.147522983435806}"
1286,2026-03-24 08:53:33.042598-07,CAM_01,1,0,0,0,"{""fps"": 12.706186513973822}"
1287,2026-03-24 08:53:43.130181-07,CAM_01,1,0,0,0,"{""fps"": 15.910578710569322}"
1288,2026-03-24 08:53:53.216014-07,CAM_01,1,0,0,0,"{""fps"": 13.378926596447355}"
1289,2026-03-24 08:54:03.309416-07,CAM_01,1,0,0,0,"{""fps"": 15.912800833142057}"
1290,2026-03-24 08:54:13.328564-07,CAM_01,1,0,0,0,"{""fps"": 15.422233947597988}"
1291,2026-03-24 08:54:23.343473-07,CAM_01,1,0,0,0,"{""fps"": 14.116766433476053}"
1292,2026-03-24 08:54:33.386217-07,CAM_01,1,0,0,0,"{""fps"": 13.404428235830164}"
1293,2026-03-24 08:54:43.519874-07,CAM_01,1,0,0,0,"{""fps"": 14.731632570868745}"
1294,2026-03-24 08:54:53.603861-07,CAM_01,1,0,0,0,"{""fps"": 14.544412146420244}"
1295,2026-03-24 08:55:03.666875-07,CAM_01,1,0,0,0,"{""fps"": 15.27513554607656}"
1296,2026-03-24 08:55:13.705977-07,CAM_01,1,0,0,0,"{""fps"": 18.38656281147329}"
1297,2026-03-24 08:55:23.717359-07,CAM_01,1,0,0,0,"{""fps"": 17.20977803429944}"
1298,2026-03-24 08:55:33.74538-07,CAM_01,0,0,0,0,"{""fps"": 12.3830870763934}"
1299,2026-03-24 08:55:43.768396-07,CAM_01,0,0,0,0,"{""fps"": 17.614943571963536}"
1300,2026-03-24 08:55:53.841675-07,CAM_01,0,0,0,0,"{""fps"": 18.776689315096704}"
1301,2026-03-24 08:56:03.897066-07,CAM_01,0,0,0,0,"{""fps"": 19.213565241450834}"
1302,2026-03-24 08:56:13.92519-07,CAM_01,0,0,0,0,"{""fps"": 15.72238110505127}"
1303,2026-03-24 08:56:23.941247-07,CAM_01,0,0,0,0,"{""fps"": 16.850775250895243}"
1304,2026-03-24 08:56:33.972374-07,CAM_01,0,0,0,0,"{""fps"": 14.707749377169272}"
1305,2026-03-24 08:56:43.989942-07,CAM_01,0,0,0,0,"{""fps"": 29.05081908737355}"
1306,2026-03-24 08:56:54.000351-07,CAM_01,0,0,0,0,"{""fps"": 29.798148869116464}"
1307,2026-03-24 08:57:04.070079-07,CAM_01,0,0,0,0,"{""fps"": 29.811075165516236}"
1308,2026-03-24 08:57:14.10855-07,CAM_01,0,0,0,0,"{""fps"": 28.9696372686784}"
1309,2026-03-24 08:57:24.154601-07,CAM_01,0,0,0,0,"{""fps"": 29.99783454652714}"
1310,2026-03-24 08:57:34.157701-07,CAM_01,0,0,0,0,"{""fps"": 30.471638007785742}"
1311,2026-03-24 08:57:44.184793-07,CAM_01,0,0,0,0,"{""fps"": 29.979298181944785}"
1312,2026-03-24 08:57:54.216636-07,CAM_01,0,0,0,0,"{""fps"": 29.653886091662805}"
1313,2026-03-24 08:58:04.234655-07,CAM_01,0,0,0,0,"{""fps"": 30.089169156289703}"
1314,2026-03-24 08:58:14.240903-07,CAM_01,1,0,0,0,"{""fps"": 29.946722401961463}"
1315,2026-03-24 08:58:24.250369-07,CAM_01,0,0,0,0,"{""fps"": 29.9520259593975}"
1316,2026-03-24 08:58:34.286435-07,CAM_01,0,0,0,0,"{""fps"": 29.954250590971526}"
1317,2026-03-24 08:58:44.282918-07,CAM_01,0,0,0,0,"{""fps"": 30.236873456598484}"
1318,2026-03-24 08:58:54.313729-07,CAM_01,0,0,0,0,"{""fps"": 30.049393227162533}"
1319,2026-03-24 08:59:04.372959-07,CAM_01,0,0,0,0,"{""fps"": 29.932759651794623}"
1320,2026-03-24 08:59:14.39702-07,CAM_01,0,0,0,0,"{""fps"": 30.281406583435746}"
1321,2026-03-24 08:59:24.40008-07,CAM_01,0,0,0,0,"{""fps"": 29.617417370902714}"
1322,2026-03-24 08:59:34.467586-07,CAM_01,0,0,0,0,"{""fps"": 29.879259213350515}"
1323,2026-03-24 08:59:44.46115-07,CAM_01,0,0,0,0,"{""fps"": 30.519953167353478}"
1324,2026-03-24 08:59:54.478179-07,CAM_01,1,0,0,0,"{""fps"": 30.3701652399932}"
1325,2026-03-24 09:00:04.499564-07,CAM_01,1,0,0,0,"{""fps"": 29.705831595582364}"
1326,2026-03-24 09:00:14.562058-07,CAM_01,1,0,0,0,"{""fps"": 30.297070777751138}"
1327,2026-03-24 09:00:24.581911-07,CAM_01,1,0,0,0,"{""fps"": 30.192744550843084}"
1328,2026-03-24 09:00:34.602227-07,CAM_01,1,0,0,0,"{""fps"": 29.74436872968697}"
1329,2026-03-24 09:00:44.601803-07,CAM_01,1,0,0,0,"{""fps"": 30.44605123802954}"
1330,2026-03-24 09:00:54.629554-07,CAM_01,1,0,0,0,"{""fps"": 29.987152358820726}"
1331,2026-03-24 09:01:04.658668-07,CAM_01,1,0,0,0,"{""fps"": 30.285067167165348}"
1332,2026-03-24 09:01:14.656299-07,CAM_01,1,0,0,0,"{""fps"": 29.4990275015263}"
1333,2026-03-24 09:01:24.689656-07,CAM_01,1,0,0,0,"{""fps"": 29.926822307209317}"
1334,2026-03-24 09:01:34.724068-07,CAM_01,1,0,0,0,"{""fps"": 30.241029684363784}"
1335,2026-03-24 09:01:44.738239-07,CAM_01,1,0,0,0,"{""fps"": 28.990641277244237}"
1336,2026-03-24 09:01:54.755129-07,CAM_01,0,0,0,0,"{""fps"": 30.09746442136822}"
1337,2026-03-24 09:02:04.757748-07,CAM_01,0,0,0,0,"{""fps"": 29.982063348988067}"
1338,2026-03-24 09:02:14.771439-07,CAM_01,0,0,0,0,"{""fps"": 29.980129061033804}"
1339,2026-03-24 09:02:24.793592-07,CAM_01,0,0,0,0,"{""fps"": 29.959121691360554}"
1340,2026-03-24 09:02:34.811057-07,CAM_01,0,0,0,0,"{""fps"": 30.147003695820523}"
1341,2026-03-24 09:02:44.836018-07,CAM_01,0,0,0,0,"{""fps"": 29.980350498313936}"
1342,2026-03-24 09:02:54.866418-07,CAM_01,0,0,0,0,"{""fps"": 29.909706900412317}"
1343,2026-03-24 09:03:04.868298-07,CAM_01,0,0,0,0,"{""fps"": 29.567577942012505}"
1344,2026-03-24 09:03:14.935017-07,CAM_01,0,0,0,0,"{""fps"": 30.54560694698097}"
1345,2026-03-24 09:03:24.993106-07,CAM_01,0,0,0,0,"{""fps"": 29.979643339102324}"
1346,2026-03-24 09:03:34.996243-07,CAM_01,0,0,0,0,"{""fps"": 29.993106519059094}"
1347,2026-03-24 09:03:45.024689-07,CAM_01,0,0,0,0,"{""fps"": 30.210682478102942}"
1348,2026-03-24 09:03:55.028263-07,CAM_01,0,0,0,0,"{""fps"": 29.979514768284343}"
1349,2026-03-24 09:04:05.036359-07,CAM_01,1,0,0,0,"{""fps"": 30.110512071329605}"
1350,2026-03-24 09:04:15.061116-07,CAM_01,1,0,0,0,"{""fps"": 30.572906891467156}"
1351,2026-03-24 09:04:25.085576-07,CAM_01,0,0,0,0,"{""fps"": 30.055165332573306}"
1352,2026-03-24 09:04:35.117387-07,CAM_01,0,0,0,0,"{""fps"": 30.106998129766033}"
1353,2026-03-24 09:04:45.181876-07,CAM_01,0,0,0,0,"{""fps"": 29.93007545248059}"
1354,2026-03-24 09:04:55.211678-07,CAM_01,0,0,0,0,"{""fps"": 30.141119406410372}"
1355,2026-03-24 09:05:05.21563-07,CAM_01,0,0,0,0,"{""fps"": 30.218595404533183}"
1356,2026-03-24 09:05:15.222948-07,CAM_01,1,0,0,0,"{""fps"": 26.85257420266334}"
1357,2026-03-24 09:05:25.251167-07,CAM_01,1,0,0,0,"{""fps"": 27.98686167463366}"
1358,2026-03-24 09:05:35.277611-07,CAM_01,1,0,0,0,"{""fps"": 28.152388588029496}"
1359,2026-03-24 09:05:45.30072-07,CAM_01,1,0,0,0,"{""fps"": 26.738998098102943}"
1360,2026-03-24 09:05:55.310719-07,CAM_01,1,0,0,0,"{""fps"": 27.484998344213935}"
1361,2026-03-24 09:06:05.343842-07,CAM_01,1,0,0,0,"{""fps"": 27.436686651068023}"
1362,2026-03-24 09:06:15.372418-07,CAM_01,1,0,0,0,"{""fps"": 28.52637007577259}"
1363,2026-03-24 09:06:25.405453-07,CAM_01,1,0,0,0,"{""fps"": 25.915924552586784}"
1364,2026-03-24 09:06:35.488394-07,CAM_01,1,0,0,0,"{""fps"": 28.471929469749742}"
1365,2026-03-24 09:06:45.528606-07,CAM_01,1,0,0,0,"{""fps"": 21.596462732020868}"
1366,2026-03-24 09:06:55.689833-07,CAM_01,1,0,0,0,"{""fps"": 18.437763696484478}"
1367,2026-03-24 09:07:05.664088-07,CAM_01,1,0,0,0,"{""fps"": 15.876209366057504}"
1368,2026-03-24 09:07:15.602899-07,CAM_01,1,0,0,0,"{""fps"": 15.88272225931821}"
1369,2026-03-24 09:07:25.629084-07,CAM_01,1,0,0,0,"{""fps"": 15.732366604339402}"
1370,2026-03-24 09:07:35.648403-07,CAM_01,1,0,0,0,"{""fps"": 11.974201618536817}"
1371,2026-03-24 09:07:45.681365-07,CAM_01,1,0,0,0,"{""fps"": 13.631558591999852}"
1372,2026-03-24 09:07:55.689387-07,CAM_01,1,0,0,0,"{""fps"": 11.745740237446144}"
1373,2026-03-24 09:08:05.734042-07,CAM_01,1,0,0,0,"{""fps"": 14.598283926832421}"
1374,2026-03-24 09:08:15.763147-07,CAM_01,1,0,0,0,"{""fps"": 16.783325130347446}"
1375,2026-03-24 09:08:25.798281-07,CAM_01,1,0,0,0,"{""fps"": 18.805413497497703}"
1376,2026-03-24 09:08:35.867438-07,CAM_01,1,0,0,0,"{""fps"": 15.963804297716312}"
1377,2026-03-24 09:08:45.892218-07,CAM_01,1,0,0,0,"{""fps"": 12.528699354148495}"
1378,2026-03-24 09:08:55.891864-07,CAM_01,1,0,0,0,"{""fps"": 17.606468949894044}"
1379,2026-03-24 09:09:05.893492-07,CAM_01,1,0,0,0,"{""fps"": 27.608447903739467}"
1380,2026-03-24 09:09:15.944192-07,CAM_01,1,0,0,0,"{""fps"": 27.311041970777033}"
1381,2026-03-24 09:09:25.938505-07,CAM_01,1,0,0,0,"{""fps"": 28.795684913864942}"
1393,2026-03-24 19:15:44.637729-07,CAM_01,0,0,0,0,"{""fps"": 0.4657963768910223}"
1394,2026-03-24 19:16:06.153041-07,CAM_01,1,0,0,0,"{""fps"": 0.4657963768910223}"
1395,2026-03-24 19:16:16.116273-07,CAM_01,1,0,0,0,"{""fps"": 25.992693570680657}"
1396,2026-03-24 19:16:26.026657-07,CAM_01,1,0,0,0,"{""fps"": 26.493185584136402}"
1397,2026-03-24 19:16:36.033425-07,CAM_01,1,0,0,0,"{""fps"": 24.998511738546323}"
1398,2026-03-24 19:16:46.036716-07,CAM_01,1,0,0,0,"{""fps"": 24.373392367601753}"
1399,2026-03-24 19:16:56.047887-07,CAM_01,1,0,0,0,"{""fps"": 26.59985780050214}"
1400,2026-03-24 19:17:06.079498-07,CAM_01,1,0,0,0,"{""fps"": 24.96037790285691}"
1401,2026-03-24 19:17:16.114711-07,CAM_01,1,0,0,0,"{""fps"": 24.995708760776104}"
1402,2026-03-24 19:17:26.420963-07,CAM_01,1,0,0,0,"{""fps"": 25.172901458063787}"
1403,2026-03-24 19:17:36.418766-07,CAM_01,1,0,0,0,"{""fps"": 13.768486903346675}"
1404,2026-03-24 19:17:46.410888-07,CAM_01,1,0,0,0,"{""fps"": 15.916796429795722}"
1405,2026-03-24 19:17:56.382609-07,CAM_01,1,0,0,0,"{""fps"": 24.657634106290804}"
1406,2026-03-24 19:18:06.413067-07,CAM_01,1,0,0,0,"{""fps"": 22.94900590538069}"
1407,2026-03-24 19:18:16.463744-07,CAM_01,1,0,0,0,"{""fps"": 23.944909007091894}"
1408,2026-03-24 19:18:26.472012-07,CAM_01,1,0,0,0,"{""fps"": 25.915444170600257}"
1409,2026-03-24 19:18:36.507147-07,CAM_01,1,0,0,0,"{""fps"": 22.565714118630886}"
1410,2026-03-24 19:18:46.536739-07,CAM_01,2,0,0,0,"{""fps"": 23.94564378869244}"
1411,2026-03-24 19:18:56.566783-07,CAM_01,1,0,0,0,"{""fps"": 26.135998055832054}"
1412,2026-03-24 19:19:06.597686-07,CAM_01,1,0,0,0,"{""fps"": 24.962469736538264}"
1413,2026-03-24 19:19:16.600346-07,CAM_01,1,0,0,0,"{""fps"": 22.225758188043812}"
1414,2026-03-24 19:19:26.628882-07,CAM_01,1,0,0,0,"{""fps"": 24.252191559230038}"
1415,2026-03-24 19:19:36.628383-07,CAM_01,1,0,0,0,"{""fps"": 23.514264370538662}"
1416,2026-03-24 19:19:46.691757-07,CAM_01,1,0,0,0,"{""fps"": 26.570001334996643}"
1417,2026-03-24 19:19:56.727693-07,CAM_01,1,0,0,0,"{""fps"": 24.988358675753492}"
1418,2026-03-24 19:20:06.730734-07,CAM_01,1,0,0,0,"{""fps"": 25.09363732653075}"
1419,2026-03-24 19:20:16.7544-07,CAM_01,1,0,0,0,"{""fps"": 24.202763138943567}"
1420,2026-03-24 19:20:26.85326-07,CAM_01,1,0,0,0,"{""fps"": 25.56445447156816}"
1421,2026-03-24 19:20:36.887769-07,CAM_01,1,0,0,0,"{""fps"": 16.892135071797334}"
1422,2026-03-24 19:20:46.88361-07,CAM_01,1,0,0,0,"{""fps"": 23.945224786775064}"
1423,2026-03-24 19:20:56.905576-07,CAM_01,1,0,0,0,"{""fps"": 24.777687247200433}"
1424,2026-03-24 19:21:06.917798-07,CAM_01,1,0,0,0,"{""fps"": 22.45939903775358}"
1425,2026-03-24 19:21:16.942252-07,CAM_01,1,0,0,0,"{""fps"": 24.741013190892925}"
1426,2026-03-24 19:21:27.009345-07,CAM_01,1,0,0,0,"{""fps"": 24.59882886625799}"
1427,2026-03-24 19:21:37.008487-07,CAM_01,1,0,0,0,"{""fps"": 21.974762813455484}"
1428,2026-03-24 19:21:47.00864-07,CAM_01,1,0,0,0,"{""fps"": 26.093626375145593}"
1429,2026-03-24 19:21:57.013399-07,CAM_01,1,0,0,0,"{""fps"": 24.9439485751817}"
1430,2026-03-24 19:22:07.060766-07,CAM_01,1,0,0,0,"{""fps"": 24.997633919557078}"
1431,2026-03-24 19:22:17.064794-07,CAM_01,1,0,0,0,"{""fps"": 26.61442340888009}"
1432,2026-03-24 19:22:27.067222-07,CAM_01,1,0,0,0,"{""fps"": 25.951948444457138}"
1433,2026-03-24 19:22:37.092045-07,CAM_01,1,0,0,0,"{""fps"": 25.1682362786464}"
1434,2026-03-24 19:22:47.12017-07,CAM_01,2,0,0,0,"{""fps"": 24.632709115015725}"
1435,2026-03-24 19:22:57.159335-07,CAM_01,1,0,0,0,"{""fps"": 26.603819567206553}"
1436,2026-03-24 19:23:07.18876-07,CAM_01,1,0,0,0,"{""fps"": 26.223505383813823}"
1437,2026-03-24 19:23:17.202796-07,CAM_01,1,0,0,0,"{""fps"": 24.584364445872012}"
1438,2026-03-24 19:23:27.217656-07,CAM_01,1,0,0,0,"{""fps"": 24.646297787964123}"
1439,2026-03-24 19:23:37.27866-07,CAM_01,2,0,0,0,"{""fps"": 25.621261634210896}"
1440,2026-03-24 19:23:47.279191-07,CAM_01,1,0,0,0,"{""fps"": 26.16531580572001}"
1441,2026-03-24 19:23:57.311964-07,CAM_01,1,0,0,0,"{""fps"": 24.52275879165468}"
1442,2026-03-24 19:24:07.401663-07,CAM_01,2,0,1,1,"{""fps"": 26.56828089138218}"
1443,2026-03-24 19:24:17.40939-07,CAM_01,1,0,0,0,"{""fps"": 26.27287539280134}"
1444,2026-03-24 19:24:27.477436-07,CAM_01,1,0,0,0,"{""fps"": 26.4804921678253}"
1445,2026-03-24 19:24:37.499773-07,CAM_01,1,0,0,0,"{""fps"": 25.993176820831362}"
1446,2026-03-24 19:24:47.504972-07,CAM_01,1,0,0,0,"{""fps"": 25.068625226573428}"
1447,2026-03-24 19:24:57.561143-07,CAM_01,1,0,0,0,"{""fps"": 26.520142869320285}"
1448,2026-03-25 00:14:21.277783-07,CAM_01,0,0,0,0,"{""fps"": 0.42996792491340013}"
1449,2026-03-25 00:14:52.255121-07,CAM_01,0,0,0,0,"{""fps"": 0.42996792491340013}"
1450,2026-03-25 00:15:02.095404-07,CAM_01,0,0,0,0,"{""fps"": 24.324276048576362}"
1451,2026-03-25 00:15:13.078065-07,CAM_01,0,0,0,0,"{""fps"": 16.43157302852929}"
1452,2026-03-25 00:15:22.198867-07,CAM_01,0,0,0,0,"{""fps"": 22.901457921047786}"
1453,2026-03-25 00:15:32.215638-07,CAM_01,0,0,0,0,"{""fps"": 25.740399211160824}"
1454,2026-03-25 00:15:42.225012-07,CAM_01,0,0,0,0,"{""fps"": 26.25557019270495}"
1455,2026-03-25 00:15:52.252098-07,CAM_01,0,0,0,0,"{""fps"": 24.255793209887965}"
1456,2026-03-25 00:16:02.259084-07,CAM_01,0,0,0,0,"{""fps"": 24.299946907827028}"
1457,2026-03-25 00:16:12.273143-07,CAM_01,1,0,0,0,"{""fps"": 24.563148483953356}"
1458,2026-03-25 00:16:22.303782-07,CAM_01,0,0,0,0,"{""fps"": 26.444905303052415}"
1459,2026-03-25 00:16:32.338352-07,CAM_01,0,0,0,0,"{""fps"": 24.72526526742262}"
1460,2026-03-25 00:16:42.368815-07,CAM_01,1,0,0,0,"{""fps"": 19.286664538311058}"
1461,2026-03-25 00:16:52.363328-07,CAM_01,1,0,0,0,"{""fps"": 24.952751457196936}"
1462,2026-03-25 00:17:02.458543-07,CAM_01,1,0,0,0,"{""fps"": 23.898021984700637}"
1463,2026-03-25 00:17:12.401435-07,CAM_01,1,0,0,0,"{""fps"": 24.64975089923343}"
1464,2026-03-25 00:17:22.43383-07,CAM_01,0,0,0,0,"{""fps"": 25.997142628967296}"
1465,2026-03-25 00:17:32.465675-07,CAM_01,0,0,0,0,"{""fps"": 26.44954996890176}"
1466,2026-03-25 00:17:42.495931-07,CAM_01,0,0,0,0,"{""fps"": 25.031582404849726}"
1467,2026-03-25 00:17:52.532079-07,CAM_01,0,0,0,0,"{""fps"": 23.37046947892478}"
1468,2026-03-25 00:18:02.552884-07,CAM_01,0,0,0,0,"{""fps"": 26.44026226816717}"
1469,2026-03-25 00:18:12.584046-07,CAM_01,0,0,0,0,"{""fps"": 24.693473412225835}"
1470,2026-03-25 00:18:22.616443-07,CAM_01,0,0,0,0,"{""fps"": 26.46457600810626}"
1471,2026-03-25 00:18:32.646846-07,CAM_01,0,0,0,0,"{""fps"": 26.465423314890657}"
1472,2026-03-25 00:18:42.680188-07,CAM_01,0,0,0,0,"{""fps"": 26.446146603196905}"
1473,2026-03-25 00:18:52.684013-07,CAM_01,0,0,0,0,"{""fps"": 26.491809721381046}"
1474,2026-03-25 00:19:02.718707-07,CAM_01,0,0,0,0,"{""fps"": 26.463308241616108}"
1475,2026-03-25 00:19:12.747987-07,CAM_01,1,0,0,0,"{""fps"": 24.933965822259456}"
1476,2026-03-25 00:19:22.759318-07,CAM_01,0,0,0,0,"{""fps"": 25.023462740086895}"
1477,2026-03-25 00:19:32.806633-07,CAM_01,1,0,0,0,"{""fps"": 25.095956856112583}"
1478,2026-03-25 00:19:42.811587-07,CAM_01,1,0,0,0,"{""fps"": 26.2911799830245}"
1479,2026-03-25 00:19:52.820591-07,CAM_01,1,0,0,0,"{""fps"": 22.52924856919561}"
1480,2026-03-25 00:20:02.83203-07,CAM_01,1,0,0,0,"{""fps"": 23.065381492676256}"
1481,2026-03-25 00:20:12.842327-07,CAM_01,1,0,0,0,"{""fps"": 21.394171584270715}"
1482,2026-03-25 00:20:22.870221-07,CAM_01,1,0,0,0,"{""fps"": 25.20232666220944}"
1483,2026-03-25 00:20:32.939245-07,CAM_01,1,0,0,0,"{""fps"": 25.249715207634473}"
1484,2026-03-25 00:20:42.965131-07,CAM_01,1,0,0,0,"{""fps"": 26.13943066067459}"
1485,2026-03-25 00:20:52.968567-07,CAM_01,1,0,0,0,"{""fps"": 25.605397772498428}"
1486,2026-03-25 00:21:03.073507-07,CAM_01,1,0,0,0,"{""fps"": 22.292181525464816}"
1487,2026-03-25 00:21:13.096588-07,CAM_01,1,0,0,0,"{""fps"": 25.998097082184735}"
1488,2026-03-25 00:21:23.204438-07,CAM_01,1,0,0,0,"{""fps"": 25.94989200226632}"
1489,2026-03-25 00:21:33.223329-07,CAM_01,1,0,0,0,"{""fps"": 24.51947303673118}"
1490,2026-03-25 00:21:43.257442-07,CAM_01,1,0,0,0,"{""fps"": 26.588691222057168}"
1491,2026-03-25 00:21:53.257812-07,CAM_01,1,0,0,0,"{""fps"": 24.6305393262597}"
1492,2026-03-25 00:22:03.279337-07,CAM_01,1,0,0,0,"{""fps"": 26.573536423741604}"
1493,2026-03-25 00:22:13.31277-07,CAM_01,1,0,0,0,"{""fps"": 24.96536873265593}"
1494,2026-03-25 00:22:23.343919-07,CAM_01,1,0,0,0,"{""fps"": 25.989621015739115}"
1495,2026-03-25 00:22:33.376489-07,CAM_01,1,0,0,0,"{""fps"": 26.481922588819135}"
1496,2026-03-25 00:22:43.407677-07,CAM_01,1,0,0,0,"{""fps"": 24.980953838945652}"
1497,2026-03-25 00:22:53.438066-07,CAM_01,1,0,0,0,"{""fps"": 26.469122413447746}"
1498,2026-03-25 00:23:03.4684-07,CAM_01,0,0,0,0,"{""fps"": 25.973935057483448}"
1499,2026-03-25 00:23:13.501388-07,CAM_01,1,0,0,0,"{""fps"": 24.660226232063543}"
1500,2026-03-25 00:23:23.567799-07,CAM_01,1,0,0,0,"{""fps"": 24.99377242479933}"
1501,2026-03-25 00:23:33.597245-07,CAM_01,1,0,0,0,"{""fps"": 26.504284476207484}"
1502,2026-03-25 00:23:43.630242-07,CAM_01,1,0,0,0,"{""fps"": 24.971330629503672}"
1503,2026-03-25 00:23:53.660657-07,CAM_01,1,0,0,0,"{""fps"": 25.99561812829573}"
1504,2026-03-25 00:24:03.691339-07,CAM_01,0,0,0,0,"{""fps"": 24.974750508774203}"
1505,2026-03-25 00:24:13.724326-07,CAM_01,1,0,0,0,"{""fps"": 24.70647140112178}"
1506,2026-03-25 00:24:23.754003-07,CAM_01,0,0,0,0,"{""fps"": 26.467056234269688}"
1507,2026-03-25 00:24:33.785406-07,CAM_01,0,0,0,0,"{""fps"": 25.99368487241626}"
1508,2026-03-25 00:24:43.816808-07,CAM_01,0,0,0,0,"{""fps"": 25.007001753308984}"
1509,2026-03-25 00:24:53.848841-07,CAM_01,0,0,0,0,"{""fps"": 24.991417229626844}"
1510,2026-03-25 00:25:03.88053-07,CAM_01,0,0,0,0,"{""fps"": 24.987849430644093}"
1511,2026-03-25 00:25:13.912822-07,CAM_01,0,0,0,0,"{""fps"": 24.630377330702213}"
1512,2026-03-25 00:25:23.951091-07,CAM_01,0,0,0,0,"{""fps"": 24.70654707852413}"
1513,2026-03-25 00:25:33.965826-07,CAM_01,0,0,0,0,"{""fps"": 24.686758685766108}"
1514,2026-03-25 00:25:43.976021-07,CAM_01,0,0,0,0,"{""fps"": 26.505947010204604}"
1515,2026-03-25 00:25:54.004846-07,CAM_01,0,0,0,0,"{""fps"": 24.9911359596421}"
1516,2026-03-25 00:26:04.037146-07,CAM_01,0,0,0,0,"{""fps"": 26.476857983665393}"
1517,2026-03-25 00:26:14.068727-07,CAM_01,0,0,0,0,"{""fps"": 24.72927125042038}"
1518,2026-03-25 00:26:24.099643-07,CAM_01,0,0,0,0,"{""fps"": 25.014530560386216}"
1519,2026-03-25 00:26:34.130639-07,CAM_01,0,0,0,0,"{""fps"": 25.98200470836692}"
1520,2026-03-25 00:26:44.164078-07,CAM_01,0,0,0,0,"{""fps"": 26.60198226052305}"
1521,2026-03-25 00:26:54.195984-07,CAM_01,0,0,0,0,"{""fps"": 26.456019395656536}"
1522,2026-03-25 00:27:04.259198-07,CAM_01,0,0,0,0,"{""fps"": 25.022804769185896}"
1523,2026-03-25 00:27:14.29161-07,CAM_01,0,0,0,0,"{""fps"": 25.053816736642716}"
1524,2026-03-25 00:27:24.327065-07,CAM_01,0,0,0,0,"{""fps"": 25.010779399526843}"
1525,2026-03-25 00:27:34.355431-07,CAM_01,1,0,0,0,"{""fps"": 25.01013314228559}"
1526,2026-03-25 00:27:44.387346-07,CAM_01,1,0,0,0,"{""fps"": 24.990148807251423}"
1527,2026-03-25 00:27:54.419737-07,CAM_01,0,0,0,0,"{""fps"": 26.465503719082815}"
1528,2026-03-25 00:28:04.449733-07,CAM_01,0,0,0,0,"{""fps"": 24.99296156980034}"
1529,2026-03-25 00:28:14.480301-07,CAM_01,0,0,0,0,"{""fps"": 25.00240273960445}"
1530,2026-03-25 00:28:24.513611-07,CAM_01,1,0,0,0,"{""fps"": 24.710552821134957}"
1531,2026-03-25 00:28:34.543671-07,CAM_01,0,0,0,0,"{""fps"": 26.47068154061019}"
1532,2026-03-25 00:28:44.574495-07,CAM_01,0,0,0,0,"{""fps"": 25.006051998431357}"
1533,2026-03-25 00:28:54.608693-07,CAM_01,1,0,0,0,"{""fps"": 25.98811597670476}"
1534,2026-03-25 00:29:04.611718-07,CAM_01,0,0,0,0,"{""fps"": 26.452367209925775}"
1535,2026-03-25 00:29:14.703204-07,CAM_01,0,0,0,0,"{""fps"": 25.676308515297208}"
1536,2026-03-25 00:29:24.724204-07,CAM_01,1,0,0,0,"{""fps"": 21.7044854049632}"
1537,2026-03-25 00:29:34.716482-07,CAM_01,1,0,0,0,"{""fps"": 22.722157731268688}"
1538,2026-03-25 00:29:44.745483-07,CAM_01,0,0,0,0,"{""fps"": 24.968271044571978}"
1539,2026-03-25 00:29:55.490421-07,CAM_01,0,0,0,0,"{""fps"": 20.67046452723911}"
1540,2026-03-25 00:30:04.816375-07,CAM_01,0,0,0,0,"{""fps"": 25.905446415145526}"
1541,2026-03-25 00:30:14.830848-07,CAM_01,0,0,0,0,"{""fps"": 23.399491764617025}"
1542,2026-03-25 00:30:24.915543-07,CAM_01,0,0,0,0,"{""fps"": 23.05903524485392}"
1543,2026-03-25 00:30:41.452833-07,CAM_01,1,0,0,0,"{""fps"": 3.8207161393060987}"
1544,2026-03-25 00:30:47.831015-07,CAM_01,1,0,0,0,"{""fps"": 25.246190392076564}"
1545,2026-03-25 00:30:57.831363-07,CAM_01,0,0,0,0,"{""fps"": 25.159909485893163}"
1546,2026-03-25 00:31:07.872386-07,CAM_01,0,0,0,0,"{""fps"": 21.91897257096462}"
1547,2026-03-25 00:31:17.892813-07,CAM_01,1,0,0,0,"{""fps"": 23.234486364092746}"
1548,2026-03-25 00:31:27.973895-07,CAM_01,1,0,0,0,"{""fps"": 23.723796739015672}"
1549,2026-03-25 00:31:37.996451-07,CAM_01,1,0,0,0,"{""fps"": 23.44228289526235}"
1550,2026-03-25 00:31:48.022174-07,CAM_01,0,0,0,0,"{""fps"": 26.386719940500324}"
1551,2026-03-25 00:31:58.132953-07,CAM_01,1,0,0,0,"{""fps"": 23.163869228983206}"
1552,2026-03-25 00:32:08.140129-07,CAM_01,1,0,0,0,"{""fps"": 23.850939588680724}"
1553,2026-03-25 00:32:18.244485-07,CAM_01,1,0,0,0,"{""fps"": 22.683566940583663}"
1554,2026-03-25 00:32:28.343835-07,CAM_01,1,0,0,0,"{""fps"": 22.378184718685684}"
1555,2026-03-25 00:32:38.379091-07,CAM_01,1,0,0,0,"{""fps"": 18.472471670109268}"
1556,2026-03-25 00:32:48.477164-07,CAM_01,1,0,0,0,"{""fps"": 22.71950968491924}"
1557,2026-03-25 00:32:58.491159-07,CAM_01,1,0,0,0,"{""fps"": 23.77745821483574}"
1558,2026-03-25 00:33:08.54066-07,CAM_01,1,0,0,0,"{""fps"": 22.623194159172893}"
1559,2026-03-25 00:33:18.561996-07,CAM_01,1,0,0,0,"{""fps"": 22.490331178074833}"
1560,2026-03-25 00:33:28.684272-07,CAM_01,0,0,0,0,"{""fps"": 20.471979332873907}"
1561,2026-03-25 00:33:38.813703-07,CAM_01,1,0,0,0,"{""fps"": 17.643481212181324}"
1562,2026-03-25 00:33:50.892251-07,CAM_01,1,0,0,0,"{""fps"": 19.73447434304349}"
1563,2026-03-25 00:33:58.841821-07,CAM_01,1,0,1,0,"{""fps"": 22.864007221028384}"
1564,2026-03-25 00:34:08.925126-07,CAM_01,1,0,0,0,"{""fps"": 26.145109407960245}"
1565,2026-03-25 00:34:18.931245-07,CAM_01,1,0,0,0,"{""fps"": 24.125993672706358}"
1566,2026-03-25 00:34:28.984179-07,CAM_01,1,0,0,0,"{""fps"": 24.84455802637858}"
1567,2026-03-25 00:34:39.000501-07,CAM_01,1,0,0,0,"{""fps"": 23.25493140412587}"
1568,2026-03-25 00:34:49.008141-07,CAM_01,1,0,0,0,"{""fps"": 22.532555877678732}"
1569,2026-03-25 00:34:59.019705-07,CAM_01,1,0,0,0,"{""fps"": 25.51522159366625}"
1570,2026-03-25 00:35:09.059372-07,CAM_01,1,0,0,0,"{""fps"": 22.27419866624713}"
1571,2026-03-25 00:35:19.05236-07,CAM_01,1,0,1,0,"{""fps"": 24.362927168375705}"
1572,2026-03-25 00:35:29.072586-07,CAM_01,2,0,0,0,"{""fps"": 22.964504508321895}"
1573,2026-03-25 00:35:39.210934-07,CAM_01,1,0,0,0,"{""fps"": 23.52714098503647}"
1574,2026-03-25 00:35:49.272088-07,CAM_01,1,0,0,0,"{""fps"": 23.948224425532644}"
1575,2026-03-25 00:35:59.27629-07,CAM_01,1,0,0,0,"{""fps"": 26.46174379968315}"
1576,2026-03-25 00:36:09.30554-07,CAM_01,1,0,0,0,"{""fps"": 26.87261739277763}"
1577,2026-03-25 00:36:19.312641-07,CAM_01,0,0,0,0,"{""fps"": 25.77276873875637}"
1578,2026-03-25 00:36:29.33895-07,CAM_01,0,0,0,0,"{""fps"": 22.754127840521782}"
1579,2026-03-25 00:36:39.350389-07,CAM_01,1,0,0,0,"{""fps"": 24.99208458178401}"
1580,2026-03-25 00:36:49.438472-07,CAM_01,0,0,0,0,"{""fps"": 24.798739175431326}"
1581,2026-03-25 00:36:59.534888-07,CAM_01,1,0,0,0,"{""fps"": 23.35620291527656}"
1582,2026-03-25 00:37:09.613267-07,CAM_01,1,0,0,0,"{""fps"": 25.08403845738042}"
1583,2026-03-25 00:37:19.67692-07,CAM_01,1,0,0,0,"{""fps"": 23.77854525814371}"
1584,2026-03-25 00:37:29.660625-07,CAM_01,1,0,0,0,"{""fps"": 21.58483047371212}"
1585,2026-03-25 00:37:39.689177-07,CAM_01,0,0,0,0,"{""fps"": 24.379030763711658}"
1586,2026-03-25 00:37:49.759644-07,CAM_01,1,0,0,0,"{""fps"": 22.980035007579893}"
1587,2026-03-25 00:37:59.786357-07,CAM_01,1,0,0,0,"{""fps"": 26.406846002942277}"
1588,2026-03-25 00:38:09.794227-07,CAM_01,1,0,0,0,"{""fps"": 25.158142380526478}"
1589,2026-03-25 00:38:19.8979-07,CAM_01,0,0,0,0,"{""fps"": 19.337135628141652}"
1590,2026-03-25 00:38:30.001654-07,CAM_01,1,0,0,0,"{""fps"": 23.41992699252476}"
1591,2026-03-25 00:38:40.025386-07,CAM_01,1,0,0,0,"{""fps"": 21.547627237826344}"
1592,2026-03-25 00:38:50.054778-07,CAM_01,1,0,0,0,"{""fps"": 25.92053835816163}"
1593,2026-03-25 00:39:00.098704-07,CAM_01,1,0,0,0,"{""fps"": 21.76107613631406}"
1594,2026-03-25 00:39:10.208273-07,CAM_01,1,0,0,0,"{""fps"": 23.68774986216327}"
1595,2026-03-25 00:39:20.256571-07,CAM_01,1,0,0,0,"{""fps"": 23.494884715360552}"
1596,2026-03-25 00:39:30.336533-07,CAM_01,0,0,0,0,"{""fps"": 21.98307602208585}"
1597,2026-03-25 00:39:40.3973-07,CAM_01,1,0,0,0,"{""fps"": 25.35531794385796}"
1598,2026-03-25 00:39:50.401865-07,CAM_01,1,0,0,0,"{""fps"": 24.235907731329824}"
1599,2026-03-25 00:40:00.496382-07,CAM_01,1,0,0,0,"{""fps"": 25.269567236382535}"
1600,2026-03-25 00:40:10.496418-07,CAM_01,1,0,0,0,"{""fps"": 24.577328711833484}"
1601,2026-03-25 00:40:20.531829-07,CAM_01,1,0,0,0,"{""fps"": 25.747929222645695}"
1602,2026-03-25 00:40:30.545695-07,CAM_01,1,0,0,0,"{""fps"": 25.546829413878584}"
1603,2026-03-25 00:40:40.622925-07,CAM_01,1,0,0,0,"{""fps"": 24.403779856390035}"
1604,2026-03-25 00:40:50.627058-07,CAM_01,1,0,1,0,"{""fps"": 24.266475418580825}"
1605,2026-03-25 00:41:00.641585-07,CAM_01,1,0,1,0,"{""fps"": 21.542790745778802}"
1606,2026-03-25 00:41:10.688192-07,CAM_01,1,0,0,0,"{""fps"": 24.023278782945418}"
1607,2026-03-25 00:41:20.722382-07,CAM_01,1,0,0,0,"{""fps"": 18.847184408340727}"
1608,2026-03-25 00:41:30.746618-07,CAM_01,1,0,0,0,"{""fps"": 23.308222744848152}"
1609,2026-03-25 00:41:40.745284-07,CAM_01,0,0,0,0,"{""fps"": 26.481674885809298}"
